{"display":{"thirdperson_lefthand":{"rotation":[135.97999572753906,88.55000305175781,-45.91999816894531],"translation":[0.0,-2.5,3.5]},"firstperson_lefthand":{"rotation":[90.0,90.0,-40.0],"translation":[0.75,4.0,5.5]},"fixed":{"rotation":[0.0,0.0,-45.0],"translation":[5.25,0.0,0.75]},"firstperson_righthand":{"rotation":[-31.68000030517578,-80.08999633789062,-82.48999786376953],"translation":[0.75,4.0,5.5]},"gui":{"rotation":[0.0,35.5,-39.0],"translation":[6.25,0.0,0.0],"scale":[1.3799999952316284,1.3799999952316284,1.3799999952316284]},"ground":{"rotation":[-180.0,0.0,90.0],"translation":[-3.75,1.25,0.0]},"head":{"rotation":[1.9700000286102295,-1.559999942779541,53.75],"translation":[6.75,15.75,0.0],"scale":[1.399999976158142,1.399999976158142,1.399999976158142]},"thirdperson_righthand":{"rotation":[95.47000122070312,-88.0,4.760000228881836],"translation":[0.0,-2.5,3.5]}},"elements":[{"from":[5.0,3.375,7.375],"to":[5.5,4.625,8.625],"rotation":{"origin":[3.25,4.0,8.0],"axis":"y","angle":0.0},"faces":{"east":{"uv":[0.0,5.0,1.5,6.5],"texture":"#0"},"south":{"uv":[9.0,9.0,9.5,10.5],"texture":"#0"},"up":{"uv":[0.5,11.5,0.0,10.0],"texture":"#0"},"west":{"uv":[5.0,0.0,6.5,1.5],"texture":"#0"},"down":{"uv":[1.5,10.0,1.0,11.5],"texture":"#0"},"north":{"uv":[9.0,7.0,9.5,8.5],"texture":"#0"}}},{"from":[5.5,3.5,7.5],"to":[10.25,4.5,8.5],"rotation":{"origin":[3.25,4.0,8.0],"axis":"y","angle":0.0},"faces":{"east":{"uv":[8.0,7.0,9.0,8.0],"texture":"#0"},"south":{"uv":[0.0,1.0,5.0,2.0],"texture":"#0"},"up":{"uv":[5.0,3.0,0.0,2.0],"texture":"#0"},"west":{"uv":[0.0,9.0,1.0,10.0],"texture":"#0"},"down":{"uv":[5.0,3.0,0.0,4.0],"texture":"#0"},"north":{"uv":[0.0,0.0,5.0,1.0],"texture":"#0"}}},{"from":[1.0,3.4375,7.75],"to":[5.0,4.5625,8.25],"rotation":{"origin":[3.25,4.0,8.0],"axis":"y","angle":0.0},"faces":{"east":{"uv":[2.0,10.0,2.5,11.0],"texture":"#0"},"south":{"uv":[4.0,4.0,8.0,5.0],"texture":"#0"},"up":{"uv":[4.0,7.5,0.0,7.0],"texture":"#0"},"west":{"uv":[10.0,2.0,10.5,3.0],"texture":"#0"},"down":{"uv":[11.0,0.0,7.0,0.5],"texture":"#0"},"north":{"uv":[0.0,4.0,4.0,5.0],"texture":"#0"}}},{"from":[-3.5,4.3125,7.75],"to":[1.0,4.5625,8.25],"rotation":{"origin":[3.25,4.0,8.0],"axis":"y","angle":0.0},"faces":{"east":{"uv":[3.0,10.0,3.5,10.5],"texture":"#0"},"south":{"uv":[5.0,2.0,9.5,2.5],"texture":"#0"},"up":{"uv":[9.5,3.5,5.0,3.0],"texture":"#0"},"west":{"uv":[10.0,3.0,10.5,3.5],"texture":"#0"},"down":{"uv":[6.5,6.0,2.0,6.5],"texture":"#0"},"north":{"uv":[2.0,5.0,6.5,5.5],"texture":"#0"}}},{"from":[-2.0,3.8125,7.75],"to":[1.0,4.0625,8.25],"rotation":{"origin":[3.25,4.0,8.0],"axis":"y","angle":0.0},"faces":{"east":{"uv":[4.0,10.0,4.5,10.5],"texture":"#0"},"south":{"uv":[3.0,8.0,6.0,8.5],"texture":"#0"},"up":{"uv":[11.0,4.5,8.0,4.0],"texture":"#0"},"west":{"uv":[5.0,10.0,5.5,10.5],"texture":"#0"},"down":{"uv":[9.0,8.0,6.0,8.5],"texture":"#0"},"north":{"uv":[0.0,8.0,3.0,8.5],"texture":"#0"}}},{"from":[-2.75,4.0625,7.75],"to":[1.0,4.3125,8.25],"rotation":{"origin":[3.25,4.0,8.0],"axis":"y","angle":0.0},"faces":{"east":{"uv":[6.0,10.0,6.5,10.5],"texture":"#0"},"south":{"uv":[4.0,7.0,8.0,7.5],"texture":"#0"},"up":{"uv":[11.0,5.5,7.0,5.0],"texture":"#0"},"west":{"uv":[7.0,10.0,7.5,10.5],"texture":"#0"},"down":{"uv":[11.0,6.0,7.0,6.5],"texture":"#0"},"north":{"uv":[7.0,1.0,11.0,1.5],"texture":"#0"}}},{"from":[-0.8125,3.5625,7.75],"to":[1.0,3.8125,8.25],"rotation":{"origin":[3.25,4.0,8.0],"axis":"y","angle":0.0},"faces":{"east":{"uv":[10.0,7.0,10.5,7.5],"texture":"#0"},"south":{"uv":[3.0,9.0,5.0,9.5],"texture":"#0"},"up":{"uv":[7.0,9.5,5.0,9.0],"texture":"#0"},"west":{"uv":[8.0,10.0,8.5,10.5],"texture":"#0"},"down":{"uv":[9.0,9.0,7.0,9.5],"texture":"#0"},"north":{"uv":[1.0,9.0,3.0,9.5],"texture":"#0"}}}],"textures":{"particle":"item/knife","0":"item/knife"}}