{
    "music_disc.tekkeneightostarcadequestatgongarcade": {
        "sounds": [
            {
                "name": "infinite_music_discs:records/tekkeneightostarcadequestatgongarcade",
                "stream": true
            }
        ]
    },
    "music_disc.ystheoathinfelghanaostsealedtime": {
        "sounds": [
            {
                "name": "infinite_music_discs:records/ystheoathinfelghanaostsealedtime",
                "stream": true
            }
        ]
    },
    "music_disc.waterworldmap": {
        "sounds": [
            {
                "name": "infinite_music_discs:records/waterworldmap",
                "stream": true
            }
        ]
    },
    "music_disc.undertaleostcanyoureallycallthisahotelididntreceiveamintonmypillow": {
        "sounds": [
            {
                "name": "infinite_music_discs:records/undertaleostcanyoureallycallthisahotelididntreceiveamintonmypillow",
                "stream": true
            }
        ]
    },
    "music_disc.titlescreenwiisportsresortost": {
        "sounds": [
            {
                "name": "infinite_music_discs:records/titlescreenwiisportsresortost",
                "stream": true
            }
        ]
    },
    "music_disc.teamfortresstwosoundtrackredbread": {
        "sounds": [
            {
                "name": "infinite_music_discs:records/teamfortresstwosoundtrackredbread",
                "stream": true
            }
        ]
    },
    "music_disc.sonicrsupersonicracingmusic": {
        "sounds": [
            {
                "name": "infinite_music_discs:records/sonicrsupersonicracingmusic",
                "stream": true
            }
        ]
    },
    "music_disc.teamfortresstwosoundtrackintruderalert": {
        "sounds": [
            {
                "name": "infinite_music_discs:records/teamfortresstwosoundtrackintruderalert",
                "stream": true
            }
        ]
    },
    "music_disc.supermarioodysseymusictheodysseysfirsttakeoff": {
        "sounds": [
            {
                "name": "infinite_music_discs:records/supermarioodysseymusictheodysseysfirsttakeoff",
                "stream": true
            }
        ]
    },
    "music_disc.skyrimthemesongfulldovahkiinsong": {
        "sounds": [
            {
                "name": "infinite_music_discs:records/skyrimthemesongfulldovahkiinsong",
                "stream": true
            }
        ]
    },
    "music_disc.phoenixwrightobjection": {
        "sounds": [
            {
                "name": "infinite_music_discs:records/phoenixwrightobjection",
                "stream": true
            }
        ]
    },
    "music_disc.paradisekillerostgogostyle": {
        "sounds": [
            {
                "name": "infinite_music_discs:records/paradisekillerostgogostyle",
                "stream": true
            }
        ]
    },
    "music_disc.phoenixwrightaceattorneyosttrial": {
        "sounds": [
            {
                "name": "infinite_music_discs:records/phoenixwrightaceattorneyosttrial",
                "stream": true
            }
        ]
    },
    "music_disc.phoenixwrightaceattorneyostpressingpursuitcornered": {
        "sounds": [
            {
                "name": "infinite_music_discs:records/phoenixwrightaceattorneyostpressingpursuitcornered",
                "stream": true
            }
        ]
    },
    "music_disc.mortalkombatreptilethemesong": {
        "sounds": [
            {
                "name": "infinite_music_discs:records/mortalkombatreptilethemesong",
                "stream": true
            }
        ]
    },
    "music_disc.jamesshimojipepsimanthemesongoriginal": {
        "sounds": [
            {
                "name": "infinite_music_discs:records/jamesshimojipepsimanthemesongoriginal",
                "stream": true
            }
        ]
    },
    "music_disc.keijimatsumotobluelineinstrumentalversion": {
        "sounds": [
            {
                "name": "infinite_music_discs:records/keijimatsumotobluelineinstrumentalversion",
                "stream": true
            }
        ]
    },
    "music_disc.fethreehousesosttheshackledwolvesthunder": {
        "sounds": [
            {
                "name": "infinite_music_discs:records/fethreehousesosttheshackledwolvesthunder",
                "stream": true
            }
        ]
    },
    "music_disc.guiltygearxrdsignoststoryteller": {
        "sounds": [
            {
                "name": "infinite_music_discs:records/guiltygearxrdsignoststoryteller",
                "stream": true
            }
        ]
    },
    "music_disc.guiltygearxrdsignoriginalsoundtrackbigblastsonicconsoleversopening": {
        "sounds": [
            {
                "name": "infinite_music_discs:records/guiltygearxrdsignoriginalsoundtrackbigblastsonicconsoleversopening",
                "stream": true
            }
        ]
    },
    "music_disc.dsishopthemehighquality": {
        "sounds": [
            {
                "name": "infinite_music_discs:records/dsishopthemehighquality",
                "stream": true
            }
        ]
    },
    "music_disc.bittriprunnerimpetus": {
        "sounds": [
            {
                "name": "infinite_music_discs:records/bittriprunnerimpetus",
                "stream": true
            }
        ]
    },
    "music_disc.cfouroneeightmoogcitytwominecraftvolumebetatuberippercc": {
        "sounds": [
            {
                "name": "infinite_music_discs:records/cfouroneeightmoogcitytwominecraftvolumebetatuberippercc",
                "stream": true
            }
        ]
    },
    "music_disc.alpacarimworldost": {
        "sounds": [
            {
                "name": "infinite_music_discs:records/alpacarimworldost",
                "stream": true
            }
        ]
    },
    "music_disc.assassinscreedthreelornebalfefightclub": {
        "sounds": [
            {
                "name": "infinite_music_discs:records/assassinscreedthreelornebalfefightclub",
                "stream": true
            }
        ]
    }
}