{
    "music_disc.ostbayonettatwothegatesofhell": {
        "sounds": [
            {
                "name": "infinite_music_discs:records/ostbayonettatwothegatesofhell",
                "stream": true
            }
        ]
    },
    "music_disc.amomentofrestliveversionprofessorlaytonandthediabolicalbox": {
        "sounds": [
            {
                "name": "infinite_music_discs:records/amomentofrestliveversionprofessorlaytonandthediabolicalbox",
                "stream": true
            }
        ]
    },
    "music_disc.animalcrossinggamecubefullthemesonghighquality": {
        "sounds": [
            {
                "name": "infinite_music_discs:records/animalcrossinggamecubefullthemesonghighquality",
                "stream": true
            }
        ]
    },
    "music_disc.aquariumparkactthreesoniccolorsost": {
        "sounds": [
            {
                "name": "infinite_music_discs:records/aquariumparkactthreesoniccolorsost",
                "stream": true
            }
        ]
    },
    "music_disc.danganronpaoriginalsoundtracktwosixbeautifulmorningdiscone": {
        "sounds": [
            {
                "name": "infinite_music_discs:records/danganronpaoriginalsoundtracktwosixbeautifulmorningdiscone",
                "stream": true
            }
        ]
    },
    "music_disc.deblobtwopaintpartygonzo": {
        "sounds": [
            {
                "name": "infinite_music_discs:records/deblobtwopaintpartygonzo",
                "stream": true
            }
        ]
    },
    "music_disc.ducktalesremasteredsoundtrackmoontheme": {
        "sounds": [
            {
                "name": "infinite_music_discs:records/ducktalesremasteredsoundtrackmoontheme",
                "stream": true
            }
        ]
    },
    "music_disc.fortslacktideanothercrabstreasureost": {
        "sounds": [
            {
                "name": "infinite_music_discs:records/fortslacktideanothercrabstreasureost",
                "stream": true
            }
        ]
    },
    "music_disc.giantfanofboneheadislandpapermariotheorigamikingostextended": {
        "sounds": [
            {
                "name": "infinite_music_discs:records/giantfanofboneheadislandpapermariotheorigamikingostextended",
                "stream": true
            }
        ]
    },
    "music_disc.longwayfromhomezentarosthemeomegastrikers": {
        "sounds": [
            {
                "name": "infinite_music_discs:records/longwayfromhomezentarosthemeomegastrikers",
                "stream": true
            }
        ]
    },
    "music_disc.miitopiaostinnmaintheme": {
        "sounds": [
            {
                "name": "infinite_music_discs:records/miitopiaostinnmaintheme",
                "stream": true
            }
        ]
    },
    "music_disc.minigameparasailthelegendofzeldabreathofthewildostonefiveminutesextended": {
        "sounds": [
            {
                "name": "infinite_music_discs:records/minigameparasailthelegendofzeldabreathofthewildostonefiveminutesextended",
                "stream": true
            }
        ]
    },
    "music_disc.neuronhqastralchain": {
        "sounds": [
            {
                "name": "infinite_music_discs:records/neuronhqastralchain",
                "stream": true
            }
        ]
    },
    "music_disc.pestwozerozeroeightambiguousteagallerymode": {
        "sounds": [
            {
                "name": "infinite_music_discs:records/pestwozerozeroeightambiguousteagallerymode",
                "stream": true
            }
        ]
    },
    "music_disc.seeyouatthetopshorthike": {
        "sounds": [
            {
                "name": "infinite_music_discs:records/seeyouatthetopshorthike",
                "stream": true
            }
        ]
    },
    "music_disc.spacestationonethreemusictraitorabsconditus": {
        "sounds": [
            {
                "name": "infinite_music_discs:records/spacestationonethreemusictraitorabsconditus",
                "stream": true
            }
        ]
    },
    "music_disc.yakuzazeroosttwozerowerelonghuaexpedition": {
        "sounds": [
            {
                "name": "infinite_music_discs:records/yakuzazeroosttwozerowerelonghuaexpedition",
                "stream": true
            }
        ]
    }
}