{
    "music_disc.amomentofrestliveversionprofessorlaytonandthediabolicalbox": {
        "sounds": [
            {
                "name": "records/amomentofrestliveversionprofessorlaytonandthediabolicalbox",
                "stream": true
            }
        ]
    },
    "music_disc.animalcrossinggamecubefullthemesonghighquality": {
        "sounds": [
            {
                "name": "records/animalcrossinggamecubefullthemesonghighquality",
                "stream": true
            }
        ]
    },
    "music_disc.aquariumparkactthreesoniccolorsost": {
        "sounds": [
            {
                "name": "records/aquariumparkactthreesoniccolorsost",
                "stream": true
            }
        ]
    },
    "music_disc.danganronpaoriginalsoundtracktwosixbeautifulmorningdiscone": {
        "sounds": [
            {
                "name": "records/danganronpaoriginalsoundtracktwosixbeautifulmorningdiscone",
                "stream": true
            }
        ]
    },
    "music_disc.deblobtwopaintpartygonzo": {
        "sounds": [
            {
                "name": "records/deblobtwopaintpartygonzo",
                "stream": true
            }
        ]
    },
    "music_disc.ducktalesremasteredsoundtrackmoontheme": {
        "sounds": [
            {
                "name": "records/ducktalesremasteredsoundtrackmoontheme",
                "stream": true
            }
        ]
    },
    "music_disc.fortslacktideanothercrabstreasureost": {
        "sounds": [
            {
                "name": "records/fortslacktideanothercrabstreasureost",
                "stream": true
            }
        ]
    },
    "music_disc.giantfanofboneheadislandpapermariotheorigamikingostextended": {
        "sounds": [
            {
                "name": "records/giantfanofboneheadislandpapermariotheorigamikingostextended",
                "stream": true
            }
        ]
    },
    "music_disc.longwayfromhomezentarosthemeomegastrikers": {
        "sounds": [
            {
                "name": "records/longwayfromhomezentarosthemeomegastrikers",
                "stream": true
            }
        ]
    },
    "music_disc.miitopiaostinnmaintheme": {
        "sounds": [
            {
                "name": "records/miitopiaostinnmaintheme",
                "stream": true
            }
        ]
    },
    "music_disc.neuronhqastralchain": {
        "sounds": [
            {
                "name": "records/neuronhqastralchain",
                "stream": true
            }
        ]
    },
    "music_disc.ostbayonettatwothegatesofhell": {
        "sounds": [
            {
                "name": "records/ostbayonettatwothegatesofhell",
                "stream": true
            }
        ]
    },
    "music_disc.pestwozerozeroeightambiguousteagallerymode": {
        "sounds": [
            {
                "name": "records/pestwozerozeroeightambiguousteagallerymode",
                "stream": true
            }
        ]
    },
    "music_disc.seeyouatthetopshorthike": {
        "sounds": [
            {
                "name": "records/seeyouatthetopshorthike",
                "stream": true
            }
        ]
    },
    "music_disc.spacestationonethreemusictraitorabsconditus": {
        "sounds": [
            {
                "name": "records/spacestationonethreemusictraitorabsconditus",
                "stream": true
            }
        ]
    },
    "music_disc.yakuzazeroosttwozerowerelonghuaexpedition": {
        "sounds": [
            {
                "name": "records/yakuzazeroosttwozerowerelonghuaexpedition",
                "stream": true
            }
        ]
    }
}