{"parent":"item/generated","textures":{"layer0":"item/iron_nugget"},"overrides":[{"predicate":{"custom_model_data":1},"model":"item/spoons/wooden-spoon"},{"predicate":{"custom_model_data":2},"model":"item/spoons/plastic-spoon"},{"predicate":{"custom_model_data":3},"model":"item/spoons/bronze-spoon"},{"predicate":{"custom_model_data":4},"model":"item/spoons/golden-spoon"},{"predicate":{"custom_model_data":5},"model":"item/spoons/diamond-spoon"},{"predicate":{"custom_model_data":6},"model":"item/spoons/emerald-spoon"},{"predicate":{"custom_model_data":7},"model":"item/spoons/netherite-spoon"}]}