{"parent":"item/generated","textures":{"layer0":"item/leather_horse_armor"},"overrides":[{"predicate":{"custom_model_data":1},"model":"modelengine:dollmaker/body"},{"predicate":{"custom_model_data":2},"model":"modelengine:dollmaker/head"},{"predicate":{"custom_model_data":3},"model":"modelengine:dollmaker/rightleg"},{"predicate":{"custom_model_data":4},"model":"modelengine:dollmaker/rightarm"},{"predicate":{"custom_model_data":5},"model":"modelengine:dollmaker/leftleg"},{"predicate":{"custom_model_data":6},"model":"modelengine:dollmaker/leftarm"},{"predicate":{"custom_model_data":7},"model":"modelengine:dollmaker/jaw"},{"predicate":{"custom_model_data":8},"model":"modelengine:firecaster/body"},{"predicate":{"custom_model_data":9},"model":"modelengine:firecaster/head"},{"predicate":{"custom_model_data":10},"model":"modelengine:firecaster/rightleg"},{"predicate":{"custom_model_data":11},"model":"modelengine:firecaster/rightarm"},{"predicate":{"custom_model_data":12},"model":"modelengine:firecaster/leftleg"},{"predicate":{"custom_model_data":13},"model":"modelengine:firecaster/leftarm"},{"predicate":{"custom_model_data":14},"model":"modelengine:firecaster/jaw"},{"predicate":{"custom_model_data":15},"model":"modelengine:necromancer/body"},{"predicate":{"custom_model_data":16},"model":"modelengine:necromancer/head"},{"predicate":{"custom_model_data":17},"model":"modelengine:necromancer/rightleg"},{"predicate":{"custom_model_data":18},"model":"modelengine:necromancer/rightarm"},{"predicate":{"custom_model_data":19},"model":"modelengine:necromancer/leftleg"},{"predicate":{"custom_model_data":20},"model":"modelengine:necromancer/leftarm"},{"predicate":{"custom_model_data":21},"model":"modelengine:necromancer/jaw"},{"predicate":{"custom_model_data":22},"model":"modelengine:skeletonstand/head"},{"predicate":{"custom_model_data":23},"model":"modelengine:skeletonstand/rarm_rightarm"},{"predicate":{"custom_model_data":24},"model":"modelengine:skeletonstand/lleg_leftleg"},{"predicate":{"custom_model_data":25},"model":"modelengine:skeletonstand/larm_leftarm"},{"predicate":{"custom_model_data":26},"model":"modelengine:skeletonstand/rleg_rightleg"},{"predicate":{"custom_model_data":27},"model":"modelengine:skeletonstand/body"}]}