{"display":{"thirdperson_lefthand":{"rotation":[90.0,-90.0,90.0],"translation":[-0.25,1.0,-2.25],"scale":[0.33000001311302185,0.33000001311302185,0.33000001311302185]},"firstperson_lefthand":{"rotation":[25.0,-90.0,0.0],"translation":[-0.25,5.5,1.0],"scale":[0.6000000238418579,0.6000000238418579,0.6000000238418579]},"fixed":{"rotation":[0.0,0.0,20.0],"translation":[-1.75,2.5,-0.75],"scale":[0.699999988079071,0.699999988079071,0.699999988079071]},"firstperson_righthand":{"rotation":[25.0,88.0,0.0],"translation":[0.0,5.5,1.0],"scale":[0.6000000238418579,0.6000000238418579,0.6000000238418579]},"gui":{"rotation":[-173.57000732421875,-27.110000610351562,-146.47000122070312],"translation":[1.5,2.25,0.0],"scale":[0.6200000047683716,0.6200000047683716,0.6200000047683716]},"ground":{"translation":[0.0,3.75,0.0],"scale":[0.5,0.5,0.5]},"head":{"rotation":[-90.0,0.0,-38.0],"translation":[1.25,6.75,-2.25],"scale":[0.5,0.5,0.5]},"thirdperson_righthand":{"rotation":[-90.0,90.0,90.0],"translation":[-0.25,1.0,-2.25],"scale":[0.33000001311302185,0.33000001311302185,0.33000001311302185]}},"elements":[{"from":[0.0,0.0,7.0],"to":[7.5,2.0,9.0],"faces":{"east":{"uv":[8.0,7.0,9.0,8.0],"texture":"#0"},"south":{"uv":[4.0,4.0,8.0,5.0],"texture":"#0"},"up":{"uv":[4.0,6.0,0.0,5.0],"texture":"#0"},"west":{"uv":[8.0,8.0,9.0,9.0],"texture":"#0"},"down":{"uv":[8.0,5.0,4.0,6.0],"texture":"#0"},"north":{"uv":[0.0,4.0,4.0,5.0],"texture":"#0"}}},{"from":[0.0,6.0,7.0],"to":[7.5,8.0,9.0],"faces":{"east":{"uv":[9.0,4.0,10.0,5.0],"texture":"#0"},"south":{"uv":[5.5,1.0,9.5,2.0],"texture":"#0"},"up":{"uv":[9.5,3.0,5.5,2.0],"texture":"#0"},"west":{"uv":[9.0,5.0,10.0,6.0],"texture":"#0"},"down":{"uv":[9.5,3.0,5.5,4.0],"texture":"#0"},"north":{"uv":[5.5,0.0,9.5,1.0],"texture":"#0"}}},{"from":[7.5,4.0,7.0],"to":[18.0,6.0,9.0],"faces":{"east":{"uv":[6.0,9.0,7.0,10.0],"texture":"#0"},"south":{"uv":[0.0,1.0,5.5,2.0],"texture":"#0"},"up":{"uv":[5.5,3.0,0.0,2.0],"texture":"#0"},"west":{"uv":[9.0,6.0,10.0,7.0],"texture":"#0"},"down":{"uv":[5.5,3.0,0.0,4.0],"texture":"#0"},"north":{"uv":[0.0,0.0,5.5,1.0],"texture":"#0"}}},{"from":[16.125,1.5,7.0],"to":[17.875,4.0,9.0],"faces":{"east":{"uv":[1.0,8.0,2.0,9.5],"texture":"#0"},"south":{"uv":[2.0,8.0,3.0,9.5],"texture":"#0"},"up":{"uv":[8.0,10.0,7.0,9.0],"texture":"#0"},"west":{"uv":[3.0,8.0,4.0,9.5],"texture":"#0"},"down":{"uv":[10.0,7.0,9.0,8.0],"texture":"#0"},"north":{"uv":[0.0,8.0,1.0,9.5],"texture":"#0"}}},{"from":[12.25,1.5,7.0],"to":[14.0,4.0,9.0],"faces":{"east":{"uv":[8.0,4.0,9.0,5.5],"texture":"#0"},"south":{"uv":[5.0,8.0,6.0,9.5],"texture":"#0"},"up":{"uv":[9.0,10.0,8.0,9.0],"texture":"#0"},"west":{"uv":[8.0,5.5,9.0,7.0],"texture":"#0"},"down":{"uv":[10.0,8.0,9.0,9.0],"texture":"#0"},"north":{"uv":[4.0,8.0,5.0,9.5],"texture":"#0"}}},{"from":[5.5,2.0,7.0],"to":[7.5,6.0,9.0],"faces":{"east":{"uv":[5.0,6.0,6.0,8.0],"texture":"#0"},"south":{"uv":[6.0,6.0,7.0,8.0],"texture":"#0"},"up":{"uv":[10.0,10.0,9.0,9.0],"texture":"#0"},"west":{"uv":[7.0,6.0,8.0,8.0],"texture":"#0"},"down":{"uv":[1.0,9.5,0.0,10.5],"texture":"#0"},"north":{"uv":[4.0,6.0,5.0,8.0],"texture":"#0"}}},{"from":[0.0,2.0,7.0],"to":[2.0,6.0,9.0],"faces":{"east":{"uv":[1.0,6.0,2.0,8.0],"texture":"#0"},"south":{"uv":[2.0,6.0,3.0,8.0],"texture":"#0"},"up":{"uv":[7.0,9.0,6.0,8.0],"texture":"#0"},"west":{"uv":[3.0,6.0,4.0,8.0],"texture":"#0"},"down":{"uv":[8.0,8.0,7.0,9.0],"texture":"#0"},"north":{"uv":[0.0,6.0,1.0,8.0],"texture":"#0"}}}],"textures":{"particle":"item/keypink","0":"item/keypink"}}