{"display":{"gui":{"rotation":[30.0,225.0,0.0]}},"elements":[{"from":[7.0,5.0,2.0],"to":[9.0,9.0,4.0],"faces":{"east":{"uv":[6.0,0.5,6.5,1.5],"texture":"#0","tintindex":0},"south":{"uv":[7.5,0.5,8.0,1.5],"texture":"#0","tintindex":0},"up":{"uv":[7.0,0.5,6.5,0.0],"texture":"#0","tintindex":0},"west":{"uv":[7.0,0.5,7.5,1.5],"texture":"#0","tintindex":0},"down":{"uv":[7.5,0.0,7.0,0.5],"texture":"#0","tintindex":0},"north":{"uv":[6.5,0.5,7.0,1.5],"texture":"#0","tintindex":0}}}],"textures":{"0":"modelengine:entity/firecaster"}}