{"parent":"item/generated","textures":{"layer0":"block/tripwire_hook"},"overrides":[{"predicate":{"custom_model_data":1},"model":"custom/key"},{"predicate":{"custom_model_data":2},"model":"custom/keypink"},{"predicate":{"custom_model_data":3},"model":"custom/keyblue"},{"predicate":{"custom_model_data":4},"model":"custom/keygreen"},{"predicate":{"custom_model_data":5},"model":"custom/keyred"},{"predicate":{"custom_model_data":6},"model":"custom/windingkey"},{"predicate":{"custom_model_data":7},"model":"custom/knife"},{"predicate":{"custom_model_data":8},"model":"custom/bouquet"},{"predicate":{"custom_model_data":9},"model":"custom/warpblock"}]}