{"display":{"fixed":{"rotation":[0.0,0.0,-53.75],"translation":[-0.75,-2.25,-0.5]},"firstperson_righthand":{"rotation":[-4.0,26.0,0.0],"translation":[0.0,-1.75,1.5]},"gui":{"rotation":[18.469999313354492,59.54999923706055,0.0],"translation":[0.25,-0.5,0.0],"scale":[0.7599999904632568,0.7599999904632568,0.7599999904632568]},"ground":{"translation":[1.25,6.75,0.0]},"head":{"rotation":[0.0,33.0,-90.0],"translation":[-1.5,6.75,0.0]},"thirdperson_righthand":{"translation":[0.5,-2.0,-0.75],"scale":[0.7400000095367432,0.7400000095367432,0.7400000095367432]}},"elements":[{"from":[9.0,14.25,6.25],"to":[9.5,17.25,9.75],"rotation":{"origin":[7.0,16.0,5.75],"axis":"y","angle":0.0},"faces":{"east":{"uv":[0.75,3.0,1.625,3.75],"texture":"#0"},"south":{"uv":[4.25,5.0,4.375,5.75],"texture":"#0"},"up":{"uv":[5.125,0.875,5.0,0.0],"texture":"#0"},"west":{"uv":[3.0,1.0,3.875,1.75],"texture":"#0"},"down":{"uv":[0.375,5.0,0.25,5.875],"texture":"#0"},"north":{"uv":[5.0,3.5,5.125,4.25],"texture":"#0"}}},{"from":[6.0,0.125,8.0],"to":[7.0,4.0,9.0],"faces":{"east":{"uv":[2.5,4.5,2.75,5.5],"texture":"#0"},"south":{"uv":[4.75,0.0,5.0,1.0],"texture":"#0"},"up":{"uv":[3.25,2.0,3.0,1.75],"texture":"#0"},"west":{"uv":[4.75,1.0,5.0,2.0],"texture":"#0"},"down":{"uv":[3.5,1.75,3.25,2.0],"texture":"#0"},"north":{"uv":[2.25,4.5,2.5,5.5],"texture":"#0"}}},{"from":[7.0,-0.0625,8.0],"to":[8.0,4.0,9.0],"faces":{"east":{"uv":[2.75,4.75,3.0,5.75],"texture":"#0"},"south":{"uv":[3.0,4.75,3.25,5.75],"texture":"#0"},"up":{"uv":[3.75,2.75,3.5,2.5],"texture":"#0"},"west":{"uv":[3.25,4.75,3.5,5.75],"texture":"#0"},"down":{"uv":[3.75,2.75,3.5,3.0],"texture":"#0"},"north":{"uv":[4.75,2.0,5.0,3.0],"texture":"#0"}}},{"from":[7.0,-0.25,7.0],"to":[8.0,4.0,8.0],"faces":{"east":{"uv":[4.5,1.5,4.75,2.625],"texture":"#0"},"south":{"uv":[1.75,4.5,2.0,5.625],"texture":"#0"},"up":{"uv":[4.0,1.0,3.75,0.75],"texture":"#0"},"west":{"uv":[2.0,4.5,2.25,5.625],"texture":"#0"},"down":{"uv":[4.0,3.5,3.75,3.75],"texture":"#0"},"north":{"uv":[1.5,4.5,1.75,5.625],"texture":"#0"}}},{"from":[6.0,0.25,7.0],"to":[7.0,4.0,8.0],"faces":{"east":{"uv":[3.75,4.75,4.0,5.75],"texture":"#0"},"south":{"uv":[4.0,4.75,4.25,5.75],"texture":"#0"},"up":{"uv":[4.25,1.75,4.0,1.5],"texture":"#0"},"west":{"uv":[0.0,5.0,0.25,6.0],"texture":"#0"},"down":{"uv":[4.25,3.5,4.0,3.75],"texture":"#0"},"north":{"uv":[3.5,4.75,3.75,5.75],"texture":"#0"}}},{"from":[5.75,4.0,6.75],"to":[8.25,7.75,9.25],"faces":{"east":{"uv":[2.75,3.75,3.375,4.75],"texture":"#0"},"south":{"uv":[3.5,3.75,4.125,4.75],"texture":"#0"},"up":{"uv":[4.875,4.875,4.25,4.25],"texture":"#0"},"west":{"uv":[0.0,4.0,0.625,5.0],"texture":"#0"},"down":{"uv":[1.375,4.5,0.75,5.125],"texture":"#0"},"north":{"uv":[3.75,2.5,4.375,3.5],"texture":"#0"}}},{"from":[5.5,7.75,6.5],"to":[8.5,11.5,9.5],"faces":{"east":{"uv":[2.75,2.0,3.5,3.0],"texture":"#0"},"south":{"uv":[0.0,3.0,0.75,4.0],"texture":"#0"},"up":{"uv":[4.75,1.5,4.0,0.75],"texture":"#0"},"west":{"uv":[3.0,0.0,3.75,1.0],"texture":"#0"},"down":{"uv":[5.0,3.5,4.25,4.25],"texture":"#0"},"north":{"uv":[2.0,2.0,2.75,3.0],"texture":"#0"}}},{"from":[5.0,11.5,6.0],"to":[9.0,16.75,10.0],"faces":{"east":{"uv":[1.0,0.0,2.0,1.375],"texture":"#0"},"south":{"uv":[0.0,1.5,1.0,2.875],"texture":"#0"},"up":{"uv":[3.0,1.0,2.0,0.0],"texture":"#0"},"west":{"uv":[1.0,1.5,2.0,2.875],"texture":"#0"},"down":{"uv":[3.0,1.0,2.0,2.0],"texture":"#0"},"north":{"uv":[0.0,0.0,1.0,1.375],"texture":"#0"}}},{"from":[5.25,14.25,10.0],"to":[8.75,17.25,10.5],"faces":{"east":{"uv":[5.0,4.25,5.125,5.0],"texture":"#0"},"south":{"uv":[2.75,3.0,3.625,3.75],"texture":"#0"},"up":{"uv":[5.375,3.125,4.5,3.0],"texture":"#0"},"west":{"uv":[4.5,5.0,4.625,5.75],"texture":"#0"},"down":{"uv":[5.375,3.25,4.5,3.375],"texture":"#0"},"north":{"uv":[1.75,3.0,2.625,3.75],"texture":"#0"}}},{"from":[5.25,14.25,5.5],"to":[8.75,17.25,6.0],"faces":{"east":{"uv":[4.75,5.0,4.875,5.75],"texture":"#0"},"south":{"uv":[3.75,0.0,4.625,0.75],"texture":"#0"},"up":{"uv":[5.875,1.125,5.0,1.0],"texture":"#0"},"west":{"uv":[5.0,5.0,5.125,5.75],"texture":"#0"},"down":{"uv":[5.875,1.25,5.0,1.375],"texture":"#0"},"north":{"uv":[3.5,1.75,4.375,2.5],"texture":"#0"}}},{"from":[4.5,14.25,6.25],"to":[5.0,17.25,9.75],"rotation":{"origin":[7.0,16.0,5.75],"axis":"y","angle":0.0},"faces":{"east":{"uv":[0.75,3.75,1.625,4.5],"texture":"#0"},"south":{"uv":[0.75,5.25,0.875,6.0],"texture":"#0"},"up":{"uv":[0.625,5.875,0.5,5.0],"texture":"#0"},"west":{"uv":[1.75,3.75,2.625,4.5],"texture":"#0"},"down":{"uv":[5.125,1.5,5.0,2.375],"texture":"#0"},"north":{"uv":[5.25,0.0,5.375,0.75],"texture":"#0"}}},{"from":[5.0,17.3125,9.25],"to":[5.75,18.125,10.0],"faces":{"east":{"uv":[4.5,2.75,4.75,3.0],"texture":"#0"},"south":{"uv":[5.0,2.5,5.25,2.75],"texture":"#0"},"up":{"uv":[5.5,1.0,5.25,0.75],"texture":"#0"},"west":{"uv":[5.0,2.75,5.25,3.0],"texture":"#0"},"down":{"uv":[1.25,5.25,1.0,5.5],"texture":"#0"},"north":{"uv":[4.25,1.5,4.5,1.75],"texture":"#0"}}},{"from":[5.25,16.75,9.5],"to":[5.5,17.3125,9.75],"faces":{"east":{"uv":[5.75,6.75,5.875,6.875],"texture":"#0"},"south":{"uv":[6.75,5.75,6.875,5.875],"texture":"#0"},"up":{"uv":[6.875,6.125,6.75,6.0],"texture":"#0"},"west":{"uv":[6.0,6.75,6.125,6.875],"texture":"#0"},"down":{"uv":[6.375,6.75,6.25,6.875],"texture":"#0"},"north":{"uv":[6.75,5.5,6.875,5.625],"texture":"#0"}}},{"from":[5.25,16.125,9.25],"to":[5.5,16.9375,9.5],"faces":{"east":{"uv":[3.25,5.75,3.375,6.0],"texture":"#0"},"south":{"uv":[5.75,3.25,5.875,3.5],"texture":"#0"},"up":{"uv":[6.875,6.375,6.75,6.25],"texture":"#0"},"west":{"uv":[3.5,5.75,3.625,6.0],"texture":"#0"},"down":{"uv":[6.625,6.75,6.5,6.875],"texture":"#0"},"north":{"uv":[5.75,3.0,5.875,3.25],"texture":"#0"}}},{"from":[5.0,17.5625,10.0],"to":[5.75,18.25,10.125],"faces":{"east":{"uv":[6.75,6.5,6.875,6.625],"texture":"#0"},"south":{"uv":[3.75,5.75,4.0,5.875],"texture":"#0"},"up":{"uv":[6.0,3.875,5.75,3.75],"texture":"#0"},"west":{"uv":[6.75,6.75,6.875,6.875],"texture":"#0"},"down":{"uv":[4.25,5.75,4.0,5.875],"texture":"#0"},"north":{"uv":[5.75,3.5,6.0,3.625],"texture":"#0"}}},{"from":[5.0,17.5625,9.125],"to":[5.75,18.25,9.25],"faces":{"east":{"uv":[0.0,7.0,0.125,7.125],"texture":"#0"},"south":{"uv":[4.25,5.75,4.5,5.875],"texture":"#0"},"up":{"uv":[6.0,4.375,5.75,4.25],"texture":"#0"},"west":{"uv":[7.0,0.0,7.125,0.125],"texture":"#0"},"down":{"uv":[4.75,5.75,4.5,5.875],"texture":"#0"},"north":{"uv":[5.75,4.0,6.0,4.125],"texture":"#0"}}},{"from":[4.875,17.5625,9.25],"to":[5.0,18.25,10.0],"rotation":{"origin":[5.375,21.8125,10.0625],"axis":"y","angle":0.0},"faces":{"east":{"uv":[5.75,4.5,6.0,4.625],"texture":"#0"},"south":{"uv":[7.0,0.25,7.125,0.375],"texture":"#0"},"up":{"uv":[5.875,5.0,5.75,4.75],"texture":"#0"},"west":{"uv":[4.75,5.75,5.0,5.875],"texture":"#0"},"down":{"uv":[5.125,5.75,5.0,6.0],"texture":"#0"},"north":{"uv":[0.25,7.0,0.375,7.125],"texture":"#0"}}},{"from":[5.75,17.5625,9.25],"to":[5.875,18.25,10.0],"rotation":{"origin":[5.375,21.8125,10.0625],"axis":"y","angle":0.0},"faces":{"east":{"uv":[5.75,5.0,6.0,5.125],"texture":"#0"},"south":{"uv":[7.0,0.5,7.125,0.625],"texture":"#0"},"up":{"uv":[5.875,5.5,5.75,5.25],"texture":"#0"},"west":{"uv":[5.25,5.75,5.5,5.875],"texture":"#0"},"down":{"uv":[5.625,5.75,5.5,6.0],"texture":"#0"},"north":{"uv":[0.5,7.0,0.625,7.125],"texture":"#0"}}},{"from":[5.75,18.25,9.375],"to":[5.875,18.375,9.875],"rotation":{"origin":[5.375,21.8125,10.0625],"axis":"y","angle":0.0},"faces":{"east":{"uv":[7.0,0.75,7.125,0.875],"texture":"#0"},"south":{"uv":[1.0,7.0,1.125,7.125],"texture":"#0"},"up":{"uv":[1.375,7.125,1.25,7.0],"texture":"#0"},"west":{"uv":[7.0,1.0,7.125,1.125],"texture":"#0"},"down":{"uv":[7.125,1.25,7.0,1.375],"texture":"#0"},"north":{"uv":[0.75,7.0,0.875,7.125],"texture":"#0"}}},{"from":[4.875,18.25,9.375],"to":[5.0,18.375,9.875],"rotation":{"origin":[5.375,21.8125,10.0625],"axis":"y","angle":0.0},"faces":{"east":{"uv":[7.0,1.5,7.125,1.625],"texture":"#0"},"south":{"uv":[1.75,7.0,1.875,7.125],"texture":"#0"},"up":{"uv":[2.125,7.125,2.0,7.0],"texture":"#0"},"west":{"uv":[7.0,1.75,7.125,1.875],"texture":"#0"},"down":{"uv":[7.125,2.0,7.0,2.125],"texture":"#0"},"north":{"uv":[1.5,7.0,1.625,7.125],"texture":"#0"}}},{"from":[5.125,18.25,9.125],"to":[5.625,18.375,9.25],"rotation":{"origin":[4.9375,22.1875,9.625],"axis":"y","angle":0.0},"faces":{"east":{"uv":[7.0,2.25,7.125,2.375],"texture":"#0"},"south":{"uv":[2.5,7.0,2.625,7.125],"texture":"#0"},"up":{"uv":[2.875,7.125,2.75,7.0],"texture":"#0"},"west":{"uv":[7.0,2.5,7.125,2.625],"texture":"#0"},"down":{"uv":[7.125,2.75,7.0,2.875],"texture":"#0"},"north":{"uv":[2.25,7.0,2.375,7.125],"texture":"#0"}}},{"from":[5.125,18.25,10.0],"to":[5.625,18.375,10.125],"rotation":{"origin":[4.9375,22.1875,9.625],"axis":"y","angle":0.0},"faces":{"east":{"uv":[7.0,3.0,7.125,3.125],"texture":"#0"},"south":{"uv":[3.25,7.0,3.375,7.125],"texture":"#0"},"up":{"uv":[3.625,7.125,3.5,7.0],"texture":"#0"},"west":{"uv":[7.0,3.25,7.125,3.375],"texture":"#0"},"down":{"uv":[7.125,3.5,7.0,3.625],"texture":"#0"},"north":{"uv":[3.0,7.0,3.125,7.125],"texture":"#0"}}},{"from":[5.125,18.125,9.375],"to":[5.625,18.3125,9.875],"faces":{"east":{"uv":[7.0,3.75,7.125,3.875],"texture":"#0"},"south":{"uv":[4.0,7.0,4.125,7.125],"texture":"#0"},"up":{"uv":[4.375,7.125,4.25,7.0],"texture":"#0"},"west":{"uv":[7.0,4.0,7.125,4.125],"texture":"#0"},"down":{"uv":[7.125,4.25,7.0,4.375],"texture":"#0"},"north":{"uv":[3.75,7.0,3.875,7.125],"texture":"#0"}}},{"from":[4.75,17.4375,6.5],"to":[5.5,18.25,7.25],"rotation":{"origin":[5.375,17.7968807220459,7.375],"axis":"y","angle":-22.5},"faces":{"east":{"uv":[5.25,1.5,5.5,1.75],"texture":"#0"},"south":{"uv":[5.25,1.75,5.5,2.0],"texture":"#0"},"up":{"uv":[5.5,2.5,5.25,2.25],"texture":"#0"},"west":{"uv":[5.25,2.0,5.5,2.25],"texture":"#0"},"down":{"uv":[5.5,2.5,5.25,2.75],"texture":"#0"},"north":{"uv":[1.25,5.25,1.5,5.5],"texture":"#0"}}},{"from":[5.0,16.875,6.75],"to":[5.25,17.4375,7.0],"rotation":{"origin":[5.375,17.7968807220459,7.375],"axis":"y","angle":-22.5},"faces":{"east":{"uv":[7.0,4.5,7.125,4.625],"texture":"#0"},"south":{"uv":[4.75,7.0,4.875,7.125],"texture":"#0"},"up":{"uv":[5.125,7.125,5.0,7.0],"texture":"#0"},"west":{"uv":[7.0,4.75,7.125,4.875],"texture":"#0"},"down":{"uv":[7.125,5.0,7.0,5.125],"texture":"#0"},"north":{"uv":[4.5,7.0,4.625,7.125],"texture":"#0"}}},{"from":[5.0,16.25,6.5],"to":[5.25,17.0625,6.75],"rotation":{"origin":[5.375,17.7968807220459,7.375],"axis":"y","angle":-22.5},"faces":{"east":{"uv":[5.75,5.75,5.875,6.0],"texture":"#0"},"south":{"uv":[0.0,6.0,0.125,6.25],"texture":"#0"},"up":{"uv":[5.375,7.125,5.25,7.0],"texture":"#0"},"west":{"uv":[6.0,0.0,6.125,0.25],"texture":"#0"},"down":{"uv":[7.125,5.25,7.0,5.375],"texture":"#0"},"north":{"uv":[5.75,5.5,5.875,5.75],"texture":"#0"}}},{"from":[4.75,17.6875,7.25],"to":[5.5,18.375,7.375],"rotation":{"origin":[5.375,17.7968807220459,7.375],"axis":"y","angle":-22.5},"faces":{"east":{"uv":[5.5,7.0,5.625,7.125],"texture":"#0"},"south":{"uv":[6.0,0.25,6.25,0.375],"texture":"#0"},"up":{"uv":[0.75,6.125,0.5,6.0],"texture":"#0"},"west":{"uv":[7.0,5.5,7.125,5.625],"texture":"#0"},"down":{"uv":[6.25,0.5,6.0,0.625],"texture":"#0"},"north":{"uv":[0.25,6.0,0.5,6.125],"texture":"#0"}}},{"from":[4.75,17.6875,6.375],"to":[5.5,18.375,6.5],"rotation":{"origin":[5.375,17.7968807220459,7.375],"axis":"y","angle":-22.5},"faces":{"east":{"uv":[5.75,7.0,5.875,7.125],"texture":"#0"},"south":{"uv":[6.0,0.75,6.25,0.875],"texture":"#0"},"up":{"uv":[1.25,6.125,1.0,6.0],"texture":"#0"},"west":{"uv":[7.0,5.75,7.125,5.875],"texture":"#0"},"down":{"uv":[6.25,1.0,6.0,1.125],"texture":"#0"},"north":{"uv":[0.75,6.0,1.0,6.125],"texture":"#0"}}},{"from":[4.625,17.6875,6.5],"to":[4.75,18.375,7.25],"rotation":{"origin":[5.375,17.7968807220459,7.375],"axis":"y","angle":-22.5},"faces":{"east":{"uv":[1.25,6.0,1.5,6.125],"texture":"#0"},"south":{"uv":[7.0,6.0,7.125,6.125],"texture":"#0"},"up":{"uv":[1.625,6.25,1.5,6.0],"texture":"#0"},"west":{"uv":[6.0,1.25,6.25,1.375],"texture":"#0"},"down":{"uv":[6.125,1.5,6.0,1.75],"texture":"#0"},"north":{"uv":[6.0,7.0,6.125,7.125],"texture":"#0"}}},{"from":[5.5,17.6875,6.5],"to":[5.625,18.375,7.25],"rotation":{"origin":[5.375,17.7968807220459,7.375],"axis":"y","angle":-22.5},"faces":{"east":{"uv":[1.75,6.0,2.0,6.125],"texture":"#0"},"south":{"uv":[7.0,6.25,7.125,6.375],"texture":"#0"},"up":{"uv":[2.125,6.25,2.0,6.0],"texture":"#0"},"west":{"uv":[6.0,1.75,6.25,1.875],"texture":"#0"},"down":{"uv":[6.125,2.0,6.0,2.25],"texture":"#0"},"north":{"uv":[6.25,7.0,6.375,7.125],"texture":"#0"}}},{"from":[5.5,18.375,6.625],"to":[5.625,18.5,7.125],"rotation":{"origin":[5.375,17.7968807220459,7.375],"axis":"y","angle":-22.5},"faces":{"east":{"uv":[7.0,6.5,7.125,6.625],"texture":"#0"},"south":{"uv":[6.75,7.0,6.875,7.125],"texture":"#0"},"up":{"uv":[7.125,7.125,7.0,7.0],"texture":"#0"},"west":{"uv":[7.0,6.75,7.125,6.875],"texture":"#0"},"down":{"uv":[0.125,7.25,0.0,7.375],"texture":"#0"},"north":{"uv":[6.5,7.0,6.625,7.125],"texture":"#0"}}},{"from":[4.625,18.375,6.625],"to":[4.75,18.5,7.125],"rotation":{"origin":[5.375,17.7968807220459,7.375],"axis":"y","angle":-22.5},"faces":{"east":{"uv":[0.25,7.25,0.375,7.375],"texture":"#0"},"south":{"uv":[7.25,0.25,7.375,0.375],"texture":"#0"},"up":{"uv":[7.375,0.625,7.25,0.5],"texture":"#0"},"west":{"uv":[0.5,7.25,0.625,7.375],"texture":"#0"},"down":{"uv":[0.875,7.25,0.75,7.375],"texture":"#0"},"north":{"uv":[7.25,0.0,7.375,0.125],"texture":"#0"}}},{"from":[4.875,18.375,6.375],"to":[5.375,18.5,6.5],"rotation":{"origin":[5.375,17.7968807220459,7.375],"axis":"y","angle":-22.5},"faces":{"east":{"uv":[1.0,7.25,1.125,7.375],"texture":"#0"},"south":{"uv":[7.25,1.0,7.375,1.125],"texture":"#0"},"up":{"uv":[7.375,1.375,7.25,1.25],"texture":"#0"},"west":{"uv":[1.25,7.25,1.375,7.375],"texture":"#0"},"down":{"uv":[1.625,7.25,1.5,7.375],"texture":"#0"},"north":{"uv":[7.25,0.75,7.375,0.875],"texture":"#0"}}},{"from":[4.875,18.375,7.25],"to":[5.375,18.5,7.375],"rotation":{"origin":[5.375,17.7968807220459,7.375],"axis":"y","angle":-22.5},"faces":{"east":{"uv":[1.75,7.25,1.875,7.375],"texture":"#0"},"south":{"uv":[7.25,1.75,7.375,1.875],"texture":"#0"},"up":{"uv":[7.375,2.125,7.25,2.0],"texture":"#0"},"west":{"uv":[2.0,7.25,2.125,7.375],"texture":"#0"},"down":{"uv":[2.375,7.25,2.25,7.375],"texture":"#0"},"north":{"uv":[7.25,1.5,7.375,1.625],"texture":"#0"}}},{"from":[4.875,18.25,6.625],"to":[5.375,18.4375,7.125],"rotation":{"origin":[5.375,17.7968807220459,7.375],"axis":"y","angle":-22.5},"faces":{"east":{"uv":[2.5,7.25,2.625,7.375],"texture":"#0"},"south":{"uv":[7.25,2.5,7.375,2.625],"texture":"#0"},"up":{"uv":[7.375,2.875,7.25,2.75],"texture":"#0"},"west":{"uv":[2.75,7.25,2.875,7.375],"texture":"#0"},"down":{"uv":[3.125,7.25,3.0,7.375],"texture":"#0"},"north":{"uv":[7.25,2.25,7.375,2.375],"texture":"#0"}}},{"from":[8.482009887695312,17.6875,7.590439796447754],"to":[9.232009887695312,18.5,8.340439796447754],"rotation":{"origin":[8.107009887695312,17.7968807220459,7.965439796447754],"axis":"y","angle":45.0},"faces":{"east":{"uv":[5.25,3.5,5.5,3.75],"texture":"#0"},"south":{"uv":[5.25,3.75,5.5,4.0],"texture":"#0"},"up":{"uv":[5.5,4.5,5.25,4.25],"texture":"#0"},"west":{"uv":[5.25,4.0,5.5,4.25],"texture":"#0"},"down":{"uv":[5.5,4.5,5.25,4.75],"texture":"#0"},"north":{"uv":[5.25,2.75,5.5,3.0],"texture":"#0"}}},{"from":[8.732009887695312,17.125,7.840439796447754],"to":[8.982009887695312,17.6875,8.090439796447754],"rotation":{"origin":[8.107009887695312,17.7968807220459,7.965439796447754],"axis":"y","angle":45.0},"faces":{"east":{"uv":[3.25,7.25,3.375,7.375],"texture":"#0"},"south":{"uv":[7.25,3.25,7.375,3.375],"texture":"#0"},"up":{"uv":[7.375,3.625,7.25,3.5],"texture":"#0"},"west":{"uv":[3.5,7.25,3.625,7.375],"texture":"#0"},"down":{"uv":[3.875,7.25,3.75,7.375],"texture":"#0"},"north":{"uv":[7.25,3.0,7.375,3.125],"texture":"#0"}}},{"from":[8.732009887695312,16.5,7.590439796447754],"to":[8.982009887695312,17.3125,7.840439796447754],"rotation":{"origin":[8.107009887695312,17.7968807220459,7.965439796447754],"axis":"y","angle":45.0},"faces":{"east":{"uv":[6.0,2.25,6.125,2.5],"texture":"#0"},"south":{"uv":[2.5,6.0,2.625,6.25],"texture":"#0"},"up":{"uv":[7.375,3.875,7.25,3.75],"texture":"#0"},"west":{"uv":[6.0,2.5,6.125,2.75],"texture":"#0"},"down":{"uv":[4.125,7.25,4.0,7.375],"texture":"#0"},"north":{"uv":[2.25,6.0,2.375,6.25],"texture":"#0"}}},{"from":[8.482009887695312,17.9375,8.340439796447754],"to":[9.232009887695312,18.625,8.465439796447754],"rotation":{"origin":[8.107009887695312,17.7968807220459,7.965439796447754],"axis":"y","angle":45.0},"faces":{"east":{"uv":[7.25,4.0,7.375,4.125],"texture":"#0"},"south":{"uv":[6.0,2.75,6.25,2.875],"texture":"#0"},"up":{"uv":[3.25,6.125,3.0,6.0],"texture":"#0"},"west":{"uv":[4.25,7.25,4.375,7.375],"texture":"#0"},"down":{"uv":[6.25,3.0,6.0,3.125],"texture":"#0"},"north":{"uv":[2.75,6.0,3.0,6.125],"texture":"#0"}}},{"from":[8.482009887695312,17.9375,7.465439796447754],"to":[9.232009887695312,18.625,7.590439796447754],"rotation":{"origin":[8.107009887695312,17.7968807220459,7.965439796447754],"axis":"y","angle":45.0},"faces":{"east":{"uv":[7.25,4.25,7.375,4.375],"texture":"#0"},"south":{"uv":[6.0,3.25,6.25,3.375],"texture":"#0"},"up":{"uv":[3.75,6.125,3.5,6.0],"texture":"#0"},"west":{"uv":[4.5,7.25,4.625,7.375],"texture":"#0"},"down":{"uv":[6.25,3.5,6.0,3.625],"texture":"#0"},"north":{"uv":[3.25,6.0,3.5,6.125],"texture":"#0"}}},{"from":[8.357009887695312,17.9375,7.590439796447754],"to":[8.482009887695312,18.625,8.340439796447754],"rotation":{"origin":[8.107009887695312,17.7968807220459,7.965439796447754],"axis":"y","angle":45.0},"faces":{"east":{"uv":[3.75,6.0,4.0,6.125],"texture":"#0"},"south":{"uv":[4.75,7.25,4.875,7.375],"texture":"#0"},"up":{"uv":[4.125,6.25,4.0,6.0],"texture":"#0"},"west":{"uv":[6.0,3.75,6.25,3.875],"texture":"#0"},"down":{"uv":[6.125,4.0,6.0,4.25],"texture":"#0"},"north":{"uv":[7.25,4.5,7.375,4.625],"texture":"#0"}}},{"from":[9.232009887695312,17.9375,7.590439796447754],"to":[9.357009887695312,18.625,8.340439796447754],"rotation":{"origin":[8.107009887695312,17.7968807220459,7.965439796447754],"axis":"y","angle":45.0},"faces":{"east":{"uv":[4.25,6.0,4.5,6.125],"texture":"#0"},"south":{"uv":[5.0,7.25,5.125,7.375],"texture":"#0"},"up":{"uv":[4.625,6.25,4.5,6.0],"texture":"#0"},"west":{"uv":[6.0,4.25,6.25,4.375],"texture":"#0"},"down":{"uv":[6.125,4.5,6.0,4.75],"texture":"#0"},"north":{"uv":[7.25,4.75,7.375,4.875],"texture":"#0"}}},{"from":[9.232009887695312,18.625,7.715439796447754],"to":[9.357009887695312,18.75,8.215439796447754],"rotation":{"origin":[8.107009887695312,17.7968807220459,7.965439796447754],"axis":"y","angle":45.0},"faces":{"east":{"uv":[5.25,7.25,5.375,7.375],"texture":"#0"},"south":{"uv":[7.25,5.25,7.375,5.375],"texture":"#0"},"up":{"uv":[7.375,5.625,7.25,5.5],"texture":"#0"},"west":{"uv":[5.5,7.25,5.625,7.375],"texture":"#0"},"down":{"uv":[5.875,7.25,5.75,7.375],"texture":"#0"},"north":{"uv":[7.25,5.0,7.375,5.125],"texture":"#0"}}},{"from":[8.357009887695312,18.625,7.715439796447754],"to":[8.482009887695312,18.75,8.215439796447754],"rotation":{"origin":[8.107009887695312,17.7968807220459,7.965439796447754],"axis":"y","angle":45.0},"faces":{"east":{"uv":[6.0,7.25,6.125,7.375],"texture":"#0"},"south":{"uv":[7.25,6.0,7.375,6.125],"texture":"#0"},"up":{"uv":[7.375,6.375,7.25,6.25],"texture":"#0"},"west":{"uv":[6.25,7.25,6.375,7.375],"texture":"#0"},"down":{"uv":[6.625,7.25,6.5,7.375],"texture":"#0"},"north":{"uv":[7.25,5.75,7.375,5.875],"texture":"#0"}}},{"from":[8.607009887695312,18.625,7.465439796447754],"to":[9.107009887695312,18.75,7.590439796447754],"rotation":{"origin":[8.107009887695312,17.7968807220459,7.965439796447754],"axis":"y","angle":45.0},"faces":{"east":{"uv":[6.75,7.25,6.875,7.375],"texture":"#0"},"south":{"uv":[7.25,6.75,7.375,6.875],"texture":"#0"},"up":{"uv":[7.375,7.125,7.25,7.0],"texture":"#0"},"west":{"uv":[7.0,7.25,7.125,7.375],"texture":"#0"},"down":{"uv":[7.375,7.25,7.25,7.375],"texture":"#0"},"north":{"uv":[7.25,6.5,7.375,6.625],"texture":"#0"}}},{"from":[8.607009887695312,18.625,8.340439796447754],"to":[9.107009887695312,18.75,8.465439796447754],"rotation":{"origin":[8.107009887695312,17.7968807220459,7.965439796447754],"axis":"y","angle":45.0},"faces":{"east":{"uv":[7.5,0.0,7.625,0.125],"texture":"#0"},"south":{"uv":[0.25,7.5,0.375,7.625],"texture":"#0"},"up":{"uv":[0.625,7.625,0.5,7.5],"texture":"#0"},"west":{"uv":[7.5,0.25,7.625,0.375],"texture":"#0"},"down":{"uv":[7.625,0.5,7.5,0.625],"texture":"#0"},"north":{"uv":[0.0,7.5,0.125,7.625],"texture":"#0"}}},{"from":[8.607009887695312,18.5,7.715439796447754],"to":[9.107009887695312,18.6875,8.215439796447754],"rotation":{"origin":[8.107009887695312,17.7968807220459,7.965439796447754],"axis":"y","angle":45.0},"faces":{"east":{"uv":[7.5,0.75,7.625,0.875],"texture":"#0"},"south":{"uv":[1.0,7.5,1.125,7.625],"texture":"#0"},"up":{"uv":[1.375,7.625,1.25,7.5],"texture":"#0"},"west":{"uv":[7.5,1.0,7.625,1.125],"texture":"#0"},"down":{"uv":[7.625,1.25,7.5,1.375],"texture":"#0"},"north":{"uv":[0.75,7.5,0.875,7.625],"texture":"#0"}}},{"from":[8.357009887695312,17.6875,8.340439796447754],"to":[9.107009887695312,18.5,9.090439796447754],"rotation":{"origin":[8.107009887695312,17.7968807220459,7.965439796447754],"axis":"y","angle":0.0},"faces":{"east":{"uv":[1.0,5.5,1.25,5.75],"texture":"#0"},"south":{"uv":[1.25,5.5,1.5,5.75],"texture":"#0"},"up":{"uv":[5.75,2.0,5.5,1.75],"texture":"#0"},"west":{"uv":[5.5,1.5,5.75,1.75],"texture":"#0"},"down":{"uv":[5.75,2.0,5.5,2.25],"texture":"#0"},"north":{"uv":[5.5,0.75,5.75,1.0],"texture":"#0"}}},{"from":[8.607009887695312,17.125,8.590439796447754],"to":[8.857009887695312,17.6875,8.840439796447754],"rotation":{"origin":[8.107009887695312,17.7968807220459,7.965439796447754],"axis":"y","angle":0.0},"faces":{"east":{"uv":[7.5,7.25,7.625,7.375],"texture":"#0"},"south":{"uv":[7.5,7.5,7.625,7.625],"texture":"#0"},"up":{"uv":[7.875,0.125,7.75,0.0],"texture":"#0"},"west":{"uv":[0.0,7.75,0.125,7.875],"texture":"#0"},"down":{"uv":[0.375,7.75,0.25,7.875],"texture":"#0"},"north":{"uv":[7.25,7.5,7.375,7.625],"texture":"#0"}}},{"from":[8.607009887695312,16.5,8.340439796447754],"to":[8.857009887695312,17.3125,8.590439796447754],"rotation":{"origin":[8.107009887695312,17.7968807220459,7.965439796447754],"axis":"y","angle":0.0},"faces":{"east":{"uv":[1.25,6.25,1.375,6.5],"texture":"#0"},"south":{"uv":[6.25,1.25,6.375,1.5],"texture":"#0"},"up":{"uv":[7.875,0.375,7.75,0.25],"texture":"#0"},"west":{"uv":[1.5,6.25,1.625,6.5],"texture":"#0"},"down":{"uv":[0.625,7.75,0.5,7.875],"texture":"#0"},"north":{"uv":[6.25,1.0,6.375,1.25],"texture":"#0"}}},{"from":[8.357009887695312,17.9375,9.090439796447754],"to":[9.107009887695312,18.625,9.215439796447754],"rotation":{"origin":[8.107009887695312,17.7968807220459,7.965439796447754],"axis":"y","angle":0.0},"faces":{"east":{"uv":[7.75,0.5,7.875,0.625],"texture":"#0"},"south":{"uv":[1.75,6.25,2.0,6.375],"texture":"#0"},"up":{"uv":[6.5,1.875,6.25,1.75],"texture":"#0"},"west":{"uv":[0.75,7.75,0.875,7.875],"texture":"#0"},"down":{"uv":[2.25,6.25,2.0,6.375],"texture":"#0"},"north":{"uv":[6.25,1.5,6.5,1.625],"texture":"#0"}}},{"from":[8.357009887695312,17.9375,8.215439796447754],"to":[9.107009887695312,18.625,8.340439796447754],"rotation":{"origin":[8.107009887695312,17.7968807220459,7.965439796447754],"axis":"y","angle":0.0},"faces":{"east":{"uv":[7.75,0.75,7.875,0.875],"texture":"#0"},"south":{"uv":[2.25,6.25,2.5,6.375],"texture":"#0"},"up":{"uv":[6.5,2.375,6.25,2.25],"texture":"#0"},"west":{"uv":[1.0,7.75,1.125,7.875],"texture":"#0"},"down":{"uv":[2.75,6.25,2.5,6.375],"texture":"#0"},"north":{"uv":[6.25,2.0,6.5,2.125],"texture":"#0"}}},{"from":[8.232009887695312,17.9375,8.340439796447754],"to":[8.357009887695312,18.625,9.090439796447754],"rotation":{"origin":[8.107009887695312,17.7968807220459,7.965439796447754],"axis":"y","angle":0.0},"faces":{"east":{"uv":[6.25,2.5,6.5,2.625],"texture":"#0"},"south":{"uv":[1.25,7.75,1.375,7.875],"texture":"#0"},"up":{"uv":[6.375,3.0,6.25,2.75],"texture":"#0"},"west":{"uv":[2.75,6.25,3.0,6.375],"texture":"#0"},"down":{"uv":[3.125,6.25,3.0,6.5],"texture":"#0"},"north":{"uv":[7.75,1.0,7.875,1.125],"texture":"#0"}}},{"from":[9.107009887695312,17.9375,8.340439796447754],"to":[9.232009887695312,18.625,9.090439796447754],"rotation":{"origin":[8.107009887695312,17.7968807220459,7.965439796447754],"axis":"y","angle":0.0},"faces":{"east":{"uv":[6.25,3.0,6.5,3.125],"texture":"#0"},"south":{"uv":[1.5,7.75,1.625,7.875],"texture":"#0"},"up":{"uv":[6.375,3.5,6.25,3.25],"texture":"#0"},"west":{"uv":[3.25,6.25,3.5,6.375],"texture":"#0"},"down":{"uv":[3.625,6.25,3.5,6.5],"texture":"#0"},"north":{"uv":[7.75,1.25,7.875,1.375],"texture":"#0"}}},{"from":[9.107009887695312,18.625,8.465439796447754],"to":[9.232009887695312,18.75,8.965439796447754],"rotation":{"origin":[8.107009887695312,17.7968807220459,7.965439796447754],"axis":"y","angle":0.0},"faces":{"east":{"uv":[1.75,7.75,1.875,7.875],"texture":"#0"},"south":{"uv":[7.75,1.75,7.875,1.875],"texture":"#0"},"up":{"uv":[7.875,2.125,7.75,2.0],"texture":"#0"},"west":{"uv":[2.0,7.75,2.125,7.875],"texture":"#0"},"down":{"uv":[2.375,7.75,2.25,7.875],"texture":"#0"},"north":{"uv":[7.75,1.5,7.875,1.625],"texture":"#0"}}},{"from":[8.232009887695312,18.625,8.465439796447754],"to":[8.357009887695312,18.75,8.965439796447754],"rotation":{"origin":[8.107009887695312,17.7968807220459,7.965439796447754],"axis":"y","angle":0.0},"faces":{"east":{"uv":[2.5,7.75,2.625,7.875],"texture":"#0"},"south":{"uv":[7.75,2.5,7.875,2.625],"texture":"#0"},"up":{"uv":[7.875,2.875,7.75,2.75],"texture":"#0"},"west":{"uv":[2.75,7.75,2.875,7.875],"texture":"#0"},"down":{"uv":[3.125,7.75,3.0,7.875],"texture":"#0"},"north":{"uv":[7.75,2.25,7.875,2.375],"texture":"#0"}}},{"from":[8.482009887695312,18.625,8.215439796447754],"to":[8.982009887695312,18.75,8.340439796447754],"rotation":{"origin":[8.107009887695312,17.7968807220459,7.965439796447754],"axis":"y","angle":0.0},"faces":{"east":{"uv":[3.25,7.75,3.375,7.875],"texture":"#0"},"south":{"uv":[7.75,3.25,7.875,3.375],"texture":"#0"},"up":{"uv":[7.875,3.625,7.75,3.5],"texture":"#0"},"west":{"uv":[3.5,7.75,3.625,7.875],"texture":"#0"},"down":{"uv":[3.875,7.75,3.75,7.875],"texture":"#0"},"north":{"uv":[7.75,3.0,7.875,3.125],"texture":"#0"}}},{"from":[8.482009887695312,18.625,9.090439796447754],"to":[8.982009887695312,18.75,9.215439796447754],"rotation":{"origin":[8.107009887695312,17.7968807220459,7.965439796447754],"axis":"y","angle":0.0},"faces":{"east":{"uv":[4.0,7.75,4.125,7.875],"texture":"#0"},"south":{"uv":[7.75,4.0,7.875,4.125],"texture":"#0"},"up":{"uv":[7.875,4.375,7.75,4.25],"texture":"#0"},"west":{"uv":[4.25,7.75,4.375,7.875],"texture":"#0"},"down":{"uv":[4.625,7.75,4.5,7.875],"texture":"#0"},"north":{"uv":[7.75,3.75,7.875,3.875],"texture":"#0"}}},{"from":[8.482009887695312,18.5,8.465439796447754],"to":[8.982009887695312,18.6875,8.965439796447754],"rotation":{"origin":[8.107009887695312,17.7968807220459,7.965439796447754],"axis":"y","angle":0.0},"faces":{"east":{"uv":[4.75,7.75,4.875,7.875],"texture":"#0"},"south":{"uv":[7.75,4.75,7.875,4.875],"texture":"#0"},"up":{"uv":[7.875,5.125,7.75,5.0],"texture":"#0"},"west":{"uv":[5.0,7.75,5.125,7.875],"texture":"#0"},"down":{"uv":[5.375,7.75,5.25,7.875],"texture":"#0"},"north":{"uv":[7.75,4.5,7.875,4.625],"texture":"#0"}}},{"from":[6.7320098876953125,17.4375,9.090439796447754],"to":[7.4820098876953125,18.25,9.840439796447754],"rotation":{"origin":[8.107009887695312,17.7968807220459,7.965439796447754],"axis":"y","angle":22.5},"faces":{"east":{"uv":[5.25,5.0,5.5,5.25],"texture":"#0"},"south":{"uv":[5.25,5.25,5.5,5.5],"texture":"#0"},"up":{"uv":[5.75,0.5,5.5,0.25],"texture":"#0"},"west":{"uv":[5.5,0.0,5.75,0.25],"texture":"#0"},"down":{"uv":[5.75,0.5,5.5,0.75],"texture":"#0"},"north":{"uv":[5.25,4.75,5.5,5.0],"texture":"#0"}}},{"from":[6.9820098876953125,16.875,9.340439796447754],"to":[7.2320098876953125,17.4375,9.590439796447754],"rotation":{"origin":[8.107009887695312,17.7968807220459,7.965439796447754],"axis":"y","angle":22.5},"faces":{"east":{"uv":[7.5,1.5,7.625,1.625],"texture":"#0"},"south":{"uv":[1.75,7.5,1.875,7.625],"texture":"#0"},"up":{"uv":[2.125,7.625,2.0,7.5],"texture":"#0"},"west":{"uv":[7.5,1.75,7.625,1.875],"texture":"#0"},"down":{"uv":[7.625,2.0,7.5,2.125],"texture":"#0"},"north":{"uv":[1.5,7.5,1.625,7.625],"texture":"#0"}}},{"from":[6.9820098876953125,16.25,9.090439796447754],"to":[7.2320098876953125,17.0625,9.340439796447754],"rotation":{"origin":[8.107009887695312,17.7968807220459,7.965439796447754],"axis":"y","angle":22.5},"faces":{"east":{"uv":[6.0,4.75,6.125,5.0],"texture":"#0"},"south":{"uv":[5.0,6.0,5.125,6.25],"texture":"#0"},"up":{"uv":[2.375,7.625,2.25,7.5],"texture":"#0"},"west":{"uv":[6.0,5.0,6.125,5.25],"texture":"#0"},"down":{"uv":[7.625,2.25,7.5,2.375],"texture":"#0"},"north":{"uv":[4.75,6.0,4.875,6.25],"texture":"#0"}}},{"from":[6.7320098876953125,17.6875,9.840439796447754],"to":[7.4820098876953125,18.375,9.965439796447754],"rotation":{"origin":[8.107009887695312,17.7968807220459,7.965439796447754],"axis":"y","angle":22.5},"faces":{"east":{"uv":[2.5,7.5,2.625,7.625],"texture":"#0"},"south":{"uv":[6.0,5.25,6.25,5.375],"texture":"#0"},"up":{"uv":[5.75,6.125,5.5,6.0],"texture":"#0"},"west":{"uv":[7.5,2.5,7.625,2.625],"texture":"#0"},"down":{"uv":[6.25,5.5,6.0,5.625],"texture":"#0"},"north":{"uv":[5.25,6.0,5.5,6.125],"texture":"#0"}}},{"from":[6.7320098876953125,17.6875,8.965439796447754],"to":[7.4820098876953125,18.375,9.090439796447754],"rotation":{"origin":[8.107009887695312,17.7968807220459,7.965439796447754],"axis":"y","angle":22.5},"faces":{"east":{"uv":[2.75,7.5,2.875,7.625],"texture":"#0"},"south":{"uv":[6.0,5.75,6.25,5.875],"texture":"#0"},"up":{"uv":[6.25,6.125,6.0,6.0],"texture":"#0"},"west":{"uv":[7.5,2.75,7.625,2.875],"texture":"#0"},"down":{"uv":[0.25,6.25,0.0,6.375],"texture":"#0"},"north":{"uv":[5.75,6.0,6.0,6.125],"texture":"#0"}}},{"from":[6.6070098876953125,17.6875,9.090439796447754],"to":[6.7320098876953125,18.375,9.840439796447754],"rotation":{"origin":[8.107009887695312,17.7968807220459,7.965439796447754],"axis":"y","angle":22.5},"faces":{"east":{"uv":[6.25,0.0,6.5,0.125],"texture":"#0"},"south":{"uv":[7.5,3.0,7.625,3.125],"texture":"#0"},"up":{"uv":[6.375,0.5,6.25,0.25],"texture":"#0"},"west":{"uv":[0.25,6.25,0.5,6.375],"texture":"#0"},"down":{"uv":[0.625,6.25,0.5,6.5],"texture":"#0"},"north":{"uv":[3.0,7.5,3.125,7.625],"texture":"#0"}}},{"from":[7.4820098876953125,17.6875,9.090439796447754],"to":[7.6070098876953125,18.375,9.840439796447754],"rotation":{"origin":[8.107009887695312,17.7968807220459,7.965439796447754],"axis":"y","angle":22.5},"faces":{"east":{"uv":[6.25,0.5,6.5,0.625],"texture":"#0"},"south":{"uv":[7.5,3.25,7.625,3.375],"texture":"#0"},"up":{"uv":[6.375,1.0,6.25,0.75],"texture":"#0"},"west":{"uv":[0.75,6.25,1.0,6.375],"texture":"#0"},"down":{"uv":[1.125,6.25,1.0,6.5],"texture":"#0"},"north":{"uv":[3.25,7.5,3.375,7.625],"texture":"#0"}}},{"from":[7.4820098876953125,18.375,9.215439796447754],"to":[7.6070098876953125,18.5,9.715439796447754],"rotation":{"origin":[8.107009887695312,17.7968807220459,7.965439796447754],"axis":"y","angle":22.5},"faces":{"east":{"uv":[7.5,3.5,7.625,3.625],"texture":"#0"},"south":{"uv":[3.75,7.5,3.875,7.625],"texture":"#0"},"up":{"uv":[4.125,7.625,4.0,7.5],"texture":"#0"},"west":{"uv":[7.5,3.75,7.625,3.875],"texture":"#0"},"down":{"uv":[7.625,4.0,7.5,4.125],"texture":"#0"},"north":{"uv":[3.5,7.5,3.625,7.625],"texture":"#0"}}},{"from":[6.6070098876953125,18.375,9.215439796447754],"to":[6.7320098876953125,18.5,9.715439796447754],"rotation":{"origin":[8.107009887695312,17.7968807220459,7.965439796447754],"axis":"y","angle":22.5},"faces":{"east":{"uv":[7.5,4.25,7.625,4.375],"texture":"#0"},"south":{"uv":[4.5,7.5,4.625,7.625],"texture":"#0"},"up":{"uv":[4.875,7.625,4.75,7.5],"texture":"#0"},"west":{"uv":[7.5,4.5,7.625,4.625],"texture":"#0"},"down":{"uv":[7.625,4.75,7.5,4.875],"texture":"#0"},"north":{"uv":[4.25,7.5,4.375,7.625],"texture":"#0"}}},{"from":[6.8570098876953125,18.375,8.965439796447754],"to":[7.3570098876953125,18.5,9.090439796447754],"rotation":{"origin":[8.107009887695312,17.7968807220459,7.965439796447754],"axis":"y","angle":22.5},"faces":{"east":{"uv":[7.5,5.0,7.625,5.125],"texture":"#0"},"south":{"uv":[5.25,7.5,5.375,7.625],"texture":"#0"},"up":{"uv":[5.625,7.625,5.5,7.5],"texture":"#0"},"west":{"uv":[7.5,5.25,7.625,5.375],"texture":"#0"},"down":{"uv":[7.625,5.5,7.5,5.625],"texture":"#0"},"north":{"uv":[5.0,7.5,5.125,7.625],"texture":"#0"}}},{"from":[6.8570098876953125,18.375,9.840439796447754],"to":[7.3570098876953125,18.5,9.965439796447754],"rotation":{"origin":[8.107009887695312,17.7968807220459,7.965439796447754],"axis":"y","angle":22.5},"faces":{"east":{"uv":[7.5,5.75,7.625,5.875],"texture":"#0"},"south":{"uv":[6.0,7.5,6.125,7.625],"texture":"#0"},"up":{"uv":[6.375,7.625,6.25,7.5],"texture":"#0"},"west":{"uv":[7.5,6.0,7.625,6.125],"texture":"#0"},"down":{"uv":[7.625,6.25,7.5,6.375],"texture":"#0"},"north":{"uv":[5.75,7.5,5.875,7.625],"texture":"#0"}}},{"from":[6.8570098876953125,18.25,9.215439796447754],"to":[7.3570098876953125,18.4375,9.715439796447754],"rotation":{"origin":[8.107009887695312,17.7968807220459,7.965439796447754],"axis":"y","angle":22.5},"faces":{"east":{"uv":[7.5,6.5,7.625,6.625],"texture":"#0"},"south":{"uv":[6.75,7.5,6.875,7.625],"texture":"#0"},"up":{"uv":[7.125,7.625,7.0,7.5],"texture":"#0"},"west":{"uv":[7.5,6.75,7.625,6.875],"texture":"#0"},"down":{"uv":[7.625,7.0,7.5,7.125],"texture":"#0"},"north":{"uv":[6.5,7.5,6.625,7.625],"texture":"#0"}}},{"from":[5.9820098876953125,17.6875,7.590439796447754],"to":[6.7320098876953125,18.5,8.340439796447754],"rotation":{"origin":[6.9820098876953125,17.7968807220459,8.715439796447754],"axis":"y","angle":22.5},"faces":{"east":{"uv":[5.5,2.25,5.75,2.5],"texture":"#0"},"south":{"uv":[2.5,5.5,2.75,5.75],"texture":"#0"},"up":{"uv":[5.75,3.0,5.5,2.75],"texture":"#0"},"west":{"uv":[5.5,2.5,5.75,2.75],"texture":"#0"},"down":{"uv":[5.75,3.0,5.5,3.25],"texture":"#0"},"north":{"uv":[2.25,5.5,2.5,5.75],"texture":"#0"}}},{"from":[6.2320098876953125,17.125,7.840439796447754],"to":[6.4820098876953125,17.6875,8.090439796447754],"rotation":{"origin":[6.9820098876953125,17.7968807220459,8.715439796447754],"axis":"y","angle":22.5},"faces":{"east":{"uv":[5.5,7.75,5.625,7.875],"texture":"#0"},"south":{"uv":[7.75,5.5,7.875,5.625],"texture":"#0"},"up":{"uv":[7.875,5.875,7.75,5.75],"texture":"#0"},"west":{"uv":[5.75,7.75,5.875,7.875],"texture":"#0"},"down":{"uv":[6.125,7.75,6.0,7.875],"texture":"#0"},"north":{"uv":[7.75,5.25,7.875,5.375],"texture":"#0"}}},{"from":[6.2320098876953125,16.5,8.090439796447754],"to":[6.4820098876953125,17.3125,8.340439796447754],"rotation":{"origin":[6.9820098876953125,17.7968807220459,8.715439796447754],"axis":"y","angle":22.5},"faces":{"east":{"uv":[3.75,6.25,3.875,6.5],"texture":"#0"},"south":{"uv":[6.25,3.75,6.375,4.0],"texture":"#0"},"up":{"uv":[7.875,6.125,7.75,6.0],"texture":"#0"},"west":{"uv":[4.0,6.25,4.125,6.5],"texture":"#0"},"down":{"uv":[6.375,7.75,6.25,7.875],"texture":"#0"},"north":{"uv":[6.25,3.5,6.375,3.75],"texture":"#0"}}},{"from":[5.9820098876953125,17.9375,7.465439796447754],"to":[6.7320098876953125,18.625,7.590439796447754],"rotation":{"origin":[6.9820098876953125,17.7968807220459,8.715439796447754],"axis":"y","angle":22.5},"faces":{"east":{"uv":[7.75,6.25,7.875,6.375],"texture":"#0"},"south":{"uv":[4.25,6.25,4.5,6.375],"texture":"#0"},"up":{"uv":[6.5,4.375,6.25,4.25],"texture":"#0"},"west":{"uv":[6.5,7.75,6.625,7.875],"texture":"#0"},"down":{"uv":[4.75,6.25,4.5,6.375],"texture":"#0"},"north":{"uv":[6.25,4.0,6.5,4.125],"texture":"#0"}}},{"from":[5.9820098876953125,17.9375,8.340439796447754],"to":[6.7320098876953125,18.625,8.465439796447754],"rotation":{"origin":[6.9820098876953125,17.7968807220459,8.715439796447754],"axis":"y","angle":22.5},"faces":{"east":{"uv":[7.75,6.5,7.875,6.625],"texture":"#0"},"south":{"uv":[4.75,6.25,5.0,6.375],"texture":"#0"},"up":{"uv":[6.5,4.875,6.25,4.75],"texture":"#0"},"west":{"uv":[6.75,7.75,6.875,7.875],"texture":"#0"},"down":{"uv":[5.25,6.25,5.0,6.375],"texture":"#0"},"north":{"uv":[6.25,4.5,6.5,4.625],"texture":"#0"}}},{"from":[6.7320098876953125,17.9375,7.590439796447754],"to":[6.8570098876953125,18.625,8.340439796447754],"rotation":{"origin":[6.9820098876953125,17.7968807220459,8.715439796447754],"axis":"y","angle":22.5},"faces":{"east":{"uv":[6.25,5.0,6.5,5.125],"texture":"#0"},"south":{"uv":[7.0,7.75,7.125,7.875],"texture":"#0"},"up":{"uv":[6.375,5.5,6.25,5.25],"texture":"#0"},"west":{"uv":[5.25,6.25,5.5,6.375],"texture":"#0"},"down":{"uv":[5.625,6.25,5.5,6.5],"texture":"#0"},"north":{"uv":[7.75,6.75,7.875,6.875],"texture":"#0"}}},{"from":[5.8570098876953125,17.9375,7.590439796447754],"to":[5.9820098876953125,18.625,8.340439796447754],"rotation":{"origin":[6.9820098876953125,17.7968807220459,8.715439796447754],"axis":"y","angle":22.5},"faces":{"east":{"uv":[6.25,5.5,6.5,5.625],"texture":"#0"},"south":{"uv":[7.25,7.75,7.375,7.875],"texture":"#0"},"up":{"uv":[6.375,6.0,6.25,5.75],"texture":"#0"},"west":{"uv":[5.75,6.25,6.0,6.375],"texture":"#0"},"down":{"uv":[6.125,6.25,6.0,6.5],"texture":"#0"},"north":{"uv":[7.75,7.0,7.875,7.125],"texture":"#0"}}},{"from":[5.8570098876953125,18.625,7.715439796447754],"to":[5.9820098876953125,18.75,8.215439796447754],"rotation":{"origin":[6.9820098876953125,17.7968807220459,8.715439796447754],"axis":"y","angle":22.5},"faces":{"east":{"uv":[7.5,7.75,7.625,7.875],"texture":"#0"},"south":{"uv":[7.75,7.5,7.875,7.625],"texture":"#0"},"up":{"uv":[0.125,8.125,0.0,8.0],"texture":"#0"},"west":{"uv":[7.75,7.75,7.875,7.875],"texture":"#0"},"down":{"uv":[8.125,0.0,8.0,0.125],"texture":"#0"},"north":{"uv":[7.75,7.25,7.875,7.375],"texture":"#0"}}},{"from":[6.7320098876953125,18.625,7.715439796447754],"to":[6.8570098876953125,18.75,8.215439796447754],"rotation":{"origin":[6.9820098876953125,17.7968807220459,8.715439796447754],"axis":"y","angle":22.5},"faces":{"east":{"uv":[8.0,0.25,8.125,0.375],"texture":"#0"},"south":{"uv":[0.5,8.0,0.625,8.125],"texture":"#0"},"up":{"uv":[0.875,8.125,0.75,8.0],"texture":"#0"},"west":{"uv":[8.0,0.5,8.125,0.625],"texture":"#0"},"down":{"uv":[8.125,0.75,8.0,0.875],"texture":"#0"},"north":{"uv":[0.25,8.0,0.375,8.125],"texture":"#0"}}},{"from":[6.1070098876953125,18.625,8.340439796447754],"to":[6.6070098876953125,18.75,8.465439796447754],"rotation":{"origin":[6.9820098876953125,17.7968807220459,8.715439796447754],"axis":"y","angle":22.5},"faces":{"east":{"uv":[8.0,1.0,8.125,1.125],"texture":"#0"},"south":{"uv":[1.25,8.0,1.375,8.125],"texture":"#0"},"up":{"uv":[1.625,8.125,1.5,8.0],"texture":"#0"},"west":{"uv":[8.0,1.25,8.125,1.375],"texture":"#0"},"down":{"uv":[8.125,1.5,8.0,1.625],"texture":"#0"},"north":{"uv":[1.0,8.0,1.125,8.125],"texture":"#0"}}},{"from":[6.1070098876953125,18.625,7.465439796447754],"to":[6.6070098876953125,18.75,7.590439796447754],"rotation":{"origin":[6.9820098876953125,17.7968807220459,8.715439796447754],"axis":"y","angle":22.5},"faces":{"east":{"uv":[8.0,1.75,8.125,1.875],"texture":"#0"},"south":{"uv":[2.0,8.0,2.125,8.125],"texture":"#0"},"up":{"uv":[2.375,8.125,2.25,8.0],"texture":"#0"},"west":{"uv":[8.0,2.0,8.125,2.125],"texture":"#0"},"down":{"uv":[8.125,2.25,8.0,2.375],"texture":"#0"},"north":{"uv":[1.75,8.0,1.875,8.125],"texture":"#0"}}},{"from":[6.1070098876953125,18.5,7.715439796447754],"to":[6.6070098876953125,18.6875,8.215439796447754],"rotation":{"origin":[6.9820098876953125,17.7968807220459,8.715439796447754],"axis":"y","angle":22.5},"faces":{"east":{"uv":[8.0,2.5,8.125,2.625],"texture":"#0"},"south":{"uv":[2.75,8.0,2.875,8.125],"texture":"#0"},"up":{"uv":[3.125,8.125,3.0,8.0],"texture":"#0"},"west":{"uv":[8.0,2.75,8.125,2.875],"texture":"#0"},"down":{"uv":[8.125,3.0,8.0,3.125],"texture":"#0"},"north":{"uv":[2.5,8.0,2.625,8.125],"texture":"#0"}}},{"from":[7.6070098876953125,17.4375,6.840439796447754],"to":[8.357009887695312,18.25,7.590439796447754],"rotation":{"origin":[6.9820098876953125,17.7968807220459,8.715439796447754],"axis":"y","angle":45.0},"faces":{"east":{"uv":[5.5,3.5,5.75,3.75],"texture":"#0"},"south":{"uv":[5.5,3.75,5.75,4.0],"texture":"#0"},"up":{"uv":[5.75,4.5,5.5,4.25],"texture":"#0"},"west":{"uv":[5.5,4.0,5.75,4.25],"texture":"#0"},"down":{"uv":[5.75,4.5,5.5,4.75],"texture":"#0"},"north":{"uv":[5.5,3.25,5.75,3.5],"texture":"#0"}}},{"from":[7.8570098876953125,16.875,7.090439796447754],"to":[8.107009887695312,17.4375,7.340439796447754],"rotation":{"origin":[6.9820098876953125,17.7968807220459,8.715439796447754],"axis":"y","angle":45.0},"faces":{"east":{"uv":[8.0,3.25,8.125,3.375],"texture":"#0"},"south":{"uv":[3.5,8.0,3.625,8.125],"texture":"#0"},"up":{"uv":[3.875,8.125,3.75,8.0],"texture":"#0"},"west":{"uv":[8.0,3.5,8.125,3.625],"texture":"#0"},"down":{"uv":[8.125,3.75,8.0,3.875],"texture":"#0"},"north":{"uv":[3.25,8.0,3.375,8.125],"texture":"#0"}}},{"from":[7.8570098876953125,16.25,7.340439796447754],"to":[8.107009887695312,17.0625,7.590439796447754],"rotation":{"origin":[6.9820098876953125,17.7968807220459,8.715439796447754],"axis":"y","angle":45.0},"faces":{"east":{"uv":[6.25,6.25,6.375,6.5],"texture":"#0"},"south":{"uv":[0.0,6.5,0.125,6.75],"texture":"#0"},"up":{"uv":[4.125,8.125,4.0,8.0],"texture":"#0"},"west":{"uv":[6.5,0.0,6.625,0.25],"texture":"#0"},"down":{"uv":[8.125,4.0,8.0,4.125],"texture":"#0"},"north":{"uv":[6.25,6.0,6.375,6.25],"texture":"#0"}}},{"from":[7.6070098876953125,17.6875,6.715439796447754],"to":[8.357009887695312,18.375,6.840439796447754],"rotation":{"origin":[6.9820098876953125,17.7968807220459,8.715439796447754],"axis":"y","angle":45.0},"faces":{"east":{"uv":[4.25,8.0,4.375,8.125],"texture":"#0"},"south":{"uv":[6.5,0.25,6.75,0.375],"texture":"#0"},"up":{"uv":[0.75,6.625,0.5,6.5],"texture":"#0"},"west":{"uv":[8.0,4.25,8.125,4.375],"texture":"#0"},"down":{"uv":[6.75,0.5,6.5,0.625],"texture":"#0"},"north":{"uv":[0.25,6.5,0.5,6.625],"texture":"#0"}}},{"from":[7.6070098876953125,17.6875,7.590439796447754],"to":[8.357009887695312,18.375,7.715439796447754],"rotation":{"origin":[6.9820098876953125,17.7968807220459,8.715439796447754],"axis":"y","angle":45.0},"faces":{"east":{"uv":[4.5,8.0,4.625,8.125],"texture":"#0"},"south":{"uv":[6.5,0.75,6.75,0.875],"texture":"#0"},"up":{"uv":[1.25,6.625,1.0,6.5],"texture":"#0"},"west":{"uv":[8.0,4.5,8.125,4.625],"texture":"#0"},"down":{"uv":[6.75,1.0,6.5,1.125],"texture":"#0"},"north":{"uv":[0.75,6.5,1.0,6.625],"texture":"#0"}}},{"from":[8.357009887695312,17.6875,6.840439796447754],"to":[8.482009887695312,18.375,7.590439796447754],"rotation":{"origin":[6.9820098876953125,17.7968807220459,8.715439796447754],"axis":"y","angle":45.0},"faces":{"east":{"uv":[1.25,6.5,1.5,6.625],"texture":"#0"},"south":{"uv":[8.0,4.75,8.125,4.875],"texture":"#0"},"up":{"uv":[1.625,6.75,1.5,6.5],"texture":"#0"},"west":{"uv":[6.5,1.25,6.75,1.375],"texture":"#0"},"down":{"uv":[6.625,1.5,6.5,1.75],"texture":"#0"},"north":{"uv":[4.75,8.0,4.875,8.125],"texture":"#0"}}},{"from":[7.4820098876953125,17.6875,6.840439796447754],"to":[7.6070098876953125,18.375,7.590439796447754],"rotation":{"origin":[6.9820098876953125,17.7968807220459,8.715439796447754],"axis":"y","angle":45.0},"faces":{"east":{"uv":[1.75,6.5,2.0,6.625],"texture":"#0"},"south":{"uv":[8.0,5.0,8.125,5.125],"texture":"#0"},"up":{"uv":[2.125,6.75,2.0,6.5],"texture":"#0"},"west":{"uv":[6.5,1.75,6.75,1.875],"texture":"#0"},"down":{"uv":[6.625,2.0,6.5,2.25],"texture":"#0"},"north":{"uv":[5.0,8.0,5.125,8.125],"texture":"#0"}}},{"from":[7.4820098876953125,18.375,6.965439796447754],"to":[7.6070098876953125,18.5,7.465439796447754],"rotation":{"origin":[6.9820098876953125,17.7968807220459,8.715439796447754],"axis":"y","angle":45.0},"faces":{"east":{"uv":[8.0,5.25,8.125,5.375],"texture":"#0"},"south":{"uv":[5.5,8.0,5.625,8.125],"texture":"#0"},"up":{"uv":[5.875,8.125,5.75,8.0],"texture":"#0"},"west":{"uv":[8.0,5.5,8.125,5.625],"texture":"#0"},"down":{"uv":[8.125,5.75,8.0,5.875],"texture":"#0"},"north":{"uv":[5.25,8.0,5.375,8.125],"texture":"#0"}}},{"from":[8.357009887695312,18.375,6.965439796447754],"to":[8.482009887695312,18.5,7.465439796447754],"rotation":{"origin":[6.9820098876953125,17.7968807220459,8.715439796447754],"axis":"y","angle":45.0},"faces":{"east":{"uv":[8.0,6.0,8.125,6.125],"texture":"#0"},"south":{"uv":[6.25,8.0,6.375,8.125],"texture":"#0"},"up":{"uv":[6.625,8.125,6.5,8.0],"texture":"#0"},"west":{"uv":[8.0,6.25,8.125,6.375],"texture":"#0"},"down":{"uv":[8.125,6.5,8.0,6.625],"texture":"#0"},"north":{"uv":[6.0,8.0,6.125,8.125],"texture":"#0"}}},{"from":[7.7320098876953125,18.375,7.590439796447754],"to":[8.232009887695312,18.5,7.715439796447754],"rotation":{"origin":[6.9820098876953125,17.7968807220459,8.715439796447754],"axis":"y","angle":45.0},"faces":{"east":{"uv":[8.0,6.75,8.125,6.875],"texture":"#0"},"south":{"uv":[7.0,8.0,7.125,8.125],"texture":"#0"},"up":{"uv":[7.375,8.125,7.25,8.0],"texture":"#0"},"west":{"uv":[8.0,7.0,8.125,7.125],"texture":"#0"},"down":{"uv":[8.125,7.25,8.0,7.375],"texture":"#0"},"north":{"uv":[6.75,8.0,6.875,8.125],"texture":"#0"}}},{"from":[7.7320098876953125,18.375,6.715439796447754],"to":[8.232009887695312,18.5,6.840439796447754],"rotation":{"origin":[6.9820098876953125,17.7968807220459,8.715439796447754],"axis":"y","angle":45.0},"faces":{"east":{"uv":[8.0,7.5,8.125,7.625],"texture":"#0"},"south":{"uv":[7.75,8.0,7.875,8.125],"texture":"#0"},"up":{"uv":[8.125,8.125,8.0,8.0],"texture":"#0"},"west":{"uv":[8.0,7.75,8.125,7.875],"texture":"#0"},"down":{"uv":[0.125,8.25,0.0,8.375],"texture":"#0"},"north":{"uv":[7.5,8.0,7.625,8.125],"texture":"#0"}}},{"from":[7.7320098876953125,18.25,6.965439796447754],"to":[8.232009887695312,18.4375,7.465439796447754],"rotation":{"origin":[6.9820098876953125,17.7968807220459,8.715439796447754],"axis":"y","angle":45.0},"faces":{"east":{"uv":[0.25,8.25,0.375,8.375],"texture":"#0"},"south":{"uv":[8.25,0.25,8.375,0.375],"texture":"#0"},"up":{"uv":[8.375,0.625,8.25,0.5],"texture":"#0"},"west":{"uv":[0.5,8.25,0.625,8.375],"texture":"#0"},"down":{"uv":[0.875,8.25,0.75,8.375],"texture":"#0"},"north":{"uv":[8.25,0.0,8.375,0.125],"texture":"#0"}}},{"from":[6.25,17.6875,9.25],"to":[7.0,18.5,10.0],"faces":{"east":{"uv":[5.5,5.0,5.75,5.25],"texture":"#0"},"south":{"uv":[5.25,5.5,5.5,5.75],"texture":"#0"},"up":{"uv":[5.75,5.75,5.5,5.5],"texture":"#0"},"west":{"uv":[5.5,5.25,5.75,5.5],"texture":"#0"},"down":{"uv":[6.0,0.0,5.75,0.25],"texture":"#0"},"north":{"uv":[5.5,4.75,5.75,5.0],"texture":"#0"}}},{"from":[6.5,17.125,9.5],"to":[6.75,17.6875,9.75],"faces":{"east":{"uv":[1.0,8.25,1.125,8.375],"texture":"#0"},"south":{"uv":[8.25,1.0,8.375,1.125],"texture":"#0"},"up":{"uv":[8.375,1.375,8.25,1.25],"texture":"#0"},"west":{"uv":[1.25,8.25,1.375,8.375],"texture":"#0"},"down":{"uv":[1.625,8.25,1.5,8.375],"texture":"#0"},"north":{"uv":[8.25,0.75,8.375,0.875],"texture":"#0"}}},{"from":[6.5,16.5,9.25],"to":[6.75,17.3125,9.5],"faces":{"east":{"uv":[6.5,2.25,6.625,2.5],"texture":"#0"},"south":{"uv":[2.5,6.5,2.625,6.75],"texture":"#0"},"up":{"uv":[8.375,1.625,8.25,1.5],"texture":"#0"},"west":{"uv":[6.5,2.5,6.625,2.75],"texture":"#0"},"down":{"uv":[1.875,8.25,1.75,8.375],"texture":"#0"},"north":{"uv":[2.25,6.5,2.375,6.75],"texture":"#0"}}},{"from":[6.25,17.9375,10.0],"to":[7.0,18.625,10.125],"faces":{"east":{"uv":[8.25,1.75,8.375,1.875],"texture":"#0"},"south":{"uv":[6.5,2.75,6.75,2.875],"texture":"#0"},"up":{"uv":[3.25,6.625,3.0,6.5],"texture":"#0"},"west":{"uv":[2.0,8.25,2.125,8.375],"texture":"#0"},"down":{"uv":[6.75,3.0,6.5,3.125],"texture":"#0"},"north":{"uv":[2.75,6.5,3.0,6.625],"texture":"#0"}}},{"from":[6.25,17.9375,9.125],"to":[7.0,18.625,9.25],"faces":{"east":{"uv":[8.25,2.0,8.375,2.125],"texture":"#0"},"south":{"uv":[6.5,3.25,6.75,3.375],"texture":"#0"},"up":{"uv":[3.75,6.625,3.5,6.5],"texture":"#0"},"west":{"uv":[2.25,8.25,2.375,8.375],"texture":"#0"},"down":{"uv":[6.75,3.5,6.5,3.625],"texture":"#0"},"north":{"uv":[3.25,6.5,3.5,6.625],"texture":"#0"}}},{"from":[6.125,17.9375,9.25],"to":[6.25,18.625,10.0],"rotation":{"origin":[5.375,21.8125,10.0625],"axis":"y","angle":0.0},"faces":{"east":{"uv":[3.75,6.5,4.0,6.625],"texture":"#0"},"south":{"uv":[2.5,8.25,2.625,8.375],"texture":"#0"},"up":{"uv":[4.125,6.75,4.0,6.5],"texture":"#0"},"west":{"uv":[6.5,3.75,6.75,3.875],"texture":"#0"},"down":{"uv":[6.625,4.0,6.5,4.25],"texture":"#0"},"north":{"uv":[8.25,2.25,8.375,2.375],"texture":"#0"}}},{"from":[7.0,17.9375,9.25],"to":[7.125,18.625,10.0],"rotation":{"origin":[5.375,21.8125,10.0625],"axis":"y","angle":0.0},"faces":{"east":{"uv":[4.25,6.5,4.5,6.625],"texture":"#0"},"south":{"uv":[2.75,8.25,2.875,8.375],"texture":"#0"},"up":{"uv":[4.625,6.75,4.5,6.5],"texture":"#0"},"west":{"uv":[6.5,4.25,6.75,4.375],"texture":"#0"},"down":{"uv":[6.625,4.5,6.5,4.75],"texture":"#0"},"north":{"uv":[8.25,2.5,8.375,2.625],"texture":"#0"}}},{"from":[7.0,18.625,9.375],"to":[7.125,18.75,9.875],"rotation":{"origin":[5.375,21.8125,10.0625],"axis":"y","angle":0.0},"faces":{"east":{"uv":[3.0,8.25,3.125,8.375],"texture":"#0"},"south":{"uv":[8.25,3.0,8.375,3.125],"texture":"#0"},"up":{"uv":[8.375,3.375,8.25,3.25],"texture":"#0"},"west":{"uv":[3.25,8.25,3.375,8.375],"texture":"#0"},"down":{"uv":[3.625,8.25,3.5,8.375],"texture":"#0"},"north":{"uv":[8.25,2.75,8.375,2.875],"texture":"#0"}}},{"from":[6.125,18.625,9.375],"to":[6.25,18.75,9.875],"rotation":{"origin":[5.375,21.8125,10.0625],"axis":"y","angle":0.0},"faces":{"east":{"uv":[3.75,8.25,3.875,8.375],"texture":"#0"},"south":{"uv":[8.25,3.75,8.375,3.875],"texture":"#0"},"up":{"uv":[8.375,4.125,8.25,4.0],"texture":"#0"},"west":{"uv":[4.0,8.25,4.125,8.375],"texture":"#0"},"down":{"uv":[4.375,8.25,4.25,8.375],"texture":"#0"},"north":{"uv":[8.25,3.5,8.375,3.625],"texture":"#0"}}},{"from":[6.375,18.625,9.125],"to":[6.875,18.75,9.25],"rotation":{"origin":[4.9375,22.1875,9.625],"axis":"y","angle":0.0},"faces":{"east":{"uv":[4.5,8.25,4.625,8.375],"texture":"#0"},"south":{"uv":[8.25,4.5,8.375,4.625],"texture":"#0"},"up":{"uv":[8.375,4.875,8.25,4.75],"texture":"#0"},"west":{"uv":[4.75,8.25,4.875,8.375],"texture":"#0"},"down":{"uv":[5.125,8.25,5.0,8.375],"texture":"#0"},"north":{"uv":[8.25,4.25,8.375,4.375],"texture":"#0"}}},{"from":[6.375,18.625,10.0],"to":[6.875,18.75,10.125],"rotation":{"origin":[4.9375,22.1875,9.625],"axis":"y","angle":0.0},"faces":{"east":{"uv":[5.25,8.25,5.375,8.375],"texture":"#0"},"south":{"uv":[8.25,5.25,8.375,5.375],"texture":"#0"},"up":{"uv":[8.375,5.625,8.25,5.5],"texture":"#0"},"west":{"uv":[5.5,8.25,5.625,8.375],"texture":"#0"},"down":{"uv":[5.875,8.25,5.75,8.375],"texture":"#0"},"north":{"uv":[8.25,5.0,8.375,5.125],"texture":"#0"}}},{"from":[6.375,18.5,9.375],"to":[6.875,18.6875,9.875],"faces":{"east":{"uv":[6.0,8.25,6.125,8.375],"texture":"#0"},"south":{"uv":[8.25,6.0,8.375,6.125],"texture":"#0"},"up":{"uv":[8.375,6.375,8.25,6.25],"texture":"#0"},"west":{"uv":[6.25,8.25,6.375,8.375],"texture":"#0"},"down":{"uv":[6.625,8.25,6.5,8.375],"texture":"#0"},"north":{"uv":[8.25,5.75,8.375,5.875],"texture":"#0"}}},{"from":[6.9820098876953125,17.6875,7.340439796447754],"to":[7.7320098876953125,18.5,8.090439796447754],"rotation":{"origin":[8.107009887695312,17.7968807220459,7.965439796447754],"axis":"y","angle":45.0},"faces":{"east":{"uv":[5.75,0.5,6.0,0.75],"texture":"#0"},"south":{"uv":[5.75,0.75,6.0,1.0],"texture":"#0"},"up":{"uv":[1.5,6.0,1.25,5.75],"texture":"#0"},"west":{"uv":[1.0,5.75,1.25,6.0],"texture":"#0"},"down":{"uv":[1.75,5.75,1.5,6.0],"texture":"#0"},"north":{"uv":[5.75,0.25,6.0,0.5],"texture":"#0"}}},{"from":[7.2320098876953125,17.125,7.590439796447754],"to":[7.4820098876953125,17.6875,7.840439796447754],"rotation":{"origin":[8.107009887695312,17.7968807220459,7.965439796447754],"axis":"y","angle":45.0},"faces":{"east":{"uv":[6.75,8.25,6.875,8.375],"texture":"#0"},"south":{"uv":[8.25,6.75,8.375,6.875],"texture":"#0"},"up":{"uv":[8.375,7.125,8.25,7.0],"texture":"#0"},"west":{"uv":[7.0,8.25,7.125,8.375],"texture":"#0"},"down":{"uv":[7.375,8.25,7.25,8.375],"texture":"#0"},"north":{"uv":[8.25,6.5,8.375,6.625],"texture":"#0"}}},{"from":[7.2320098876953125,16.5,7.340439796447754],"to":[7.4820098876953125,17.3125,7.590439796447754],"rotation":{"origin":[8.107009887695312,17.7968807220459,7.965439796447754],"axis":"y","angle":45.0},"faces":{"east":{"uv":[6.5,4.75,6.625,5.0],"texture":"#0"},"south":{"uv":[5.0,6.5,5.125,6.75],"texture":"#0"},"up":{"uv":[8.375,7.375,8.25,7.25],"texture":"#0"},"west":{"uv":[6.5,5.0,6.625,5.25],"texture":"#0"},"down":{"uv":[7.625,8.25,7.5,8.375],"texture":"#0"},"north":{"uv":[4.75,6.5,4.875,6.75],"texture":"#0"}}},{"from":[6.9820098876953125,17.9375,8.090439796447754],"to":[7.7320098876953125,18.625,8.215439796447754],"rotation":{"origin":[8.107009887695312,17.7968807220459,7.965439796447754],"axis":"y","angle":45.0},"faces":{"east":{"uv":[8.25,7.5,8.375,7.625],"texture":"#0"},"south":{"uv":[6.5,5.25,6.75,5.375],"texture":"#0"},"up":{"uv":[5.75,6.625,5.5,6.5],"texture":"#0"},"west":{"uv":[7.75,8.25,7.875,8.375],"texture":"#0"},"down":{"uv":[6.75,5.5,6.5,5.625],"texture":"#0"},"north":{"uv":[5.25,6.5,5.5,6.625],"texture":"#0"}}},{"from":[6.9820098876953125,17.9375,7.215439796447754],"to":[7.7320098876953125,18.625,7.340439796447754],"rotation":{"origin":[8.107009887695312,17.7968807220459,7.965439796447754],"axis":"y","angle":45.0},"faces":{"east":{"uv":[8.25,7.75,8.375,7.875],"texture":"#0"},"south":{"uv":[6.5,5.75,6.75,5.875],"texture":"#0"},"up":{"uv":[6.25,6.625,6.0,6.5],"texture":"#0"},"west":{"uv":[8.0,8.25,8.125,8.375],"texture":"#0"},"down":{"uv":[6.75,6.0,6.5,6.125],"texture":"#0"},"north":{"uv":[5.75,6.5,6.0,6.625],"texture":"#0"}}},{"from":[6.8570098876953125,17.9375,7.340439796447754],"to":[6.9820098876953125,18.625,8.090439796447754],"rotation":{"origin":[8.107009887695312,17.7968807220459,7.965439796447754],"axis":"y","angle":45.0},"faces":{"east":{"uv":[6.25,6.5,6.5,6.625],"texture":"#0"},"south":{"uv":[8.25,8.25,8.375,8.375],"texture":"#0"},"up":{"uv":[6.625,6.75,6.5,6.5],"texture":"#0"},"west":{"uv":[6.5,6.25,6.75,6.375],"texture":"#0"},"down":{"uv":[0.125,6.75,0.0,7.0],"texture":"#0"},"north":{"uv":[8.25,8.0,8.375,8.125],"texture":"#0"}}},{"from":[7.7320098876953125,17.9375,7.340439796447754],"to":[7.8570098876953125,18.625,8.090439796447754],"rotation":{"origin":[8.107009887695312,17.7968807220459,7.965439796447754],"axis":"y","angle":45.0},"faces":{"east":{"uv":[6.75,0.0,7.0,0.125],"texture":"#0"},"south":{"uv":[8.5,0.0,8.625,0.125],"texture":"#0"},"up":{"uv":[6.875,0.5,6.75,0.25],"texture":"#0"},"west":{"uv":[0.25,6.75,0.5,6.875],"texture":"#0"},"down":{"uv":[0.625,6.75,0.5,7.0],"texture":"#0"},"north":{"uv":[0.0,8.5,0.125,8.625],"texture":"#0"}}},{"from":[7.7320098876953125,18.625,7.465439796447754],"to":[7.8570098876953125,18.75,7.965439796447754],"rotation":{"origin":[8.107009887695312,17.7968807220459,7.965439796447754],"axis":"y","angle":45.0},"faces":{"east":{"uv":[8.5,0.25,8.625,0.375],"texture":"#0"},"south":{"uv":[0.5,8.5,0.625,8.625],"texture":"#0"},"up":{"uv":[0.875,8.625,0.75,8.5],"texture":"#0"},"west":{"uv":[8.5,0.5,8.625,0.625],"texture":"#0"},"down":{"uv":[8.625,0.75,8.5,0.875],"texture":"#0"},"north":{"uv":[0.25,8.5,0.375,8.625],"texture":"#0"}}},{"from":[6.8570098876953125,18.625,7.465439796447754],"to":[6.9820098876953125,18.75,7.965439796447754],"rotation":{"origin":[8.107009887695312,17.7968807220459,7.965439796447754],"axis":"y","angle":45.0},"faces":{"east":{"uv":[8.5,1.0,8.625,1.125],"texture":"#0"},"south":{"uv":[1.25,8.5,1.375,8.625],"texture":"#0"},"up":{"uv":[1.625,8.625,1.5,8.5],"texture":"#0"},"west":{"uv":[8.5,1.25,8.625,1.375],"texture":"#0"},"down":{"uv":[8.625,1.5,8.5,1.625],"texture":"#0"},"north":{"uv":[1.0,8.5,1.125,8.625],"texture":"#0"}}},{"from":[7.1070098876953125,18.625,7.215439796447754],"to":[7.6070098876953125,18.75,7.340439796447754],"rotation":{"origin":[8.107009887695312,17.7968807220459,7.965439796447754],"axis":"y","angle":45.0},"faces":{"east":{"uv":[8.5,1.75,8.625,1.875],"texture":"#0"},"south":{"uv":[2.0,8.5,2.125,8.625],"texture":"#0"},"up":{"uv":[2.375,8.625,2.25,8.5],"texture":"#0"},"west":{"uv":[8.5,2.0,8.625,2.125],"texture":"#0"},"down":{"uv":[8.625,2.25,8.5,2.375],"texture":"#0"},"north":{"uv":[1.75,8.5,1.875,8.625],"texture":"#0"}}},{"from":[7.1070098876953125,18.625,8.090439796447754],"to":[7.6070098876953125,18.75,8.215439796447754],"rotation":{"origin":[8.107009887695312,17.7968807220459,7.965439796447754],"axis":"y","angle":45.0},"faces":{"east":{"uv":[8.5,2.5,8.625,2.625],"texture":"#0"},"south":{"uv":[2.75,8.5,2.875,8.625],"texture":"#0"},"up":{"uv":[3.125,8.625,3.0,8.5],"texture":"#0"},"west":{"uv":[8.5,2.75,8.625,2.875],"texture":"#0"},"down":{"uv":[8.625,3.0,8.5,3.125],"texture":"#0"},"north":{"uv":[2.5,8.5,2.625,8.625],"texture":"#0"}}},{"from":[7.1070098876953125,18.5,7.465439796447754],"to":[7.6070098876953125,18.6875,7.965439796447754],"rotation":{"origin":[8.107009887695312,17.7968807220459,7.965439796447754],"axis":"y","angle":45.0},"faces":{"east":{"uv":[8.5,3.25,8.625,3.375],"texture":"#0"},"south":{"uv":[3.5,8.5,3.625,8.625],"texture":"#0"},"up":{"uv":[3.875,8.625,3.75,8.5],"texture":"#0"},"west":{"uv":[8.5,3.5,8.625,3.625],"texture":"#0"},"down":{"uv":[8.625,3.75,8.5,3.875],"texture":"#0"},"north":{"uv":[3.25,8.5,3.375,8.625],"texture":"#0"}}},{"from":[8.482009887695312,17.1875,6.340439796447754],"to":[9.232009887695312,18.0,7.090439796447754],"rotation":{"origin":[8.107009887695312,17.7968807220459,7.965439796447754],"axis":"y","angle":45.0},"faces":{"east":{"uv":[1.75,5.75,2.0,6.0],"texture":"#0"},"south":{"uv":[5.75,1.75,6.0,2.0],"texture":"#0"},"up":{"uv":[6.0,2.25,5.75,2.0],"texture":"#0"},"west":{"uv":[2.0,5.75,2.25,6.0],"texture":"#0"},"down":{"uv":[2.5,5.75,2.25,6.0],"texture":"#0"},"north":{"uv":[5.75,1.5,6.0,1.75],"texture":"#0"}}},{"from":[8.732009887695312,16.625,6.590439796447754],"to":[8.982009887695312,17.1875,6.840439796447754],"rotation":{"origin":[8.107009887695312,17.7968807220459,7.965439796447754],"axis":"y","angle":45.0},"faces":{"east":{"uv":[8.5,4.0,8.625,4.125],"texture":"#0"},"south":{"uv":[4.25,8.5,4.375,8.625],"texture":"#0"},"up":{"uv":[4.625,8.625,4.5,8.5],"texture":"#0"},"west":{"uv":[8.5,4.25,8.625,4.375],"texture":"#0"},"down":{"uv":[8.625,4.5,8.5,4.625],"texture":"#0"},"north":{"uv":[4.0,8.5,4.125,8.625],"texture":"#0"}}},{"from":[8.732009887695312,16.0,6.340439796447754],"to":[8.982009887695312,16.8125,6.590439796447754],"rotation":{"origin":[8.107009887695312,17.7968807220459,7.965439796447754],"axis":"y","angle":45.0},"faces":{"east":{"uv":[0.75,6.75,0.875,7.0],"texture":"#0"},"south":{"uv":[6.75,0.75,6.875,1.0],"texture":"#0"},"up":{"uv":[4.875,8.625,4.75,8.5],"texture":"#0"},"west":{"uv":[1.0,6.75,1.125,7.0],"texture":"#0"},"down":{"uv":[8.625,4.75,8.5,4.875],"texture":"#0"},"north":{"uv":[6.75,0.5,6.875,0.75],"texture":"#0"}}},{"from":[8.482009887695312,17.4375,7.090439796447754],"to":[9.232009887695312,18.125,7.215439796447754],"rotation":{"origin":[8.107009887695312,17.7968807220459,7.965439796447754],"axis":"y","angle":45.0},"faces":{"east":{"uv":[5.0,8.5,5.125,8.625],"texture":"#0"},"south":{"uv":[1.25,6.75,1.5,6.875],"texture":"#0"},"up":{"uv":[7.0,1.375,6.75,1.25],"texture":"#0"},"west":{"uv":[8.5,5.0,8.625,5.125],"texture":"#0"},"down":{"uv":[1.75,6.75,1.5,6.875],"texture":"#0"},"north":{"uv":[6.75,1.0,7.0,1.125],"texture":"#0"}}},{"from":[8.482009887695312,17.4375,6.215439796447754],"to":[9.232009887695312,18.125,6.340439796447754],"rotation":{"origin":[8.107009887695312,17.7968807220459,7.965439796447754],"axis":"y","angle":45.0},"faces":{"east":{"uv":[5.25,8.5,5.375,8.625],"texture":"#0"},"south":{"uv":[1.75,6.75,2.0,6.875],"texture":"#0"},"up":{"uv":[7.0,1.875,6.75,1.75],"texture":"#0"},"west":{"uv":[8.5,5.25,8.625,5.375],"texture":"#0"},"down":{"uv":[2.25,6.75,2.0,6.875],"texture":"#0"},"north":{"uv":[6.75,1.5,7.0,1.625],"texture":"#0"}}},{"from":[8.357009887695312,17.4375,6.340439796447754],"to":[8.482009887695312,18.125,7.090439796447754],"rotation":{"origin":[8.107009887695312,17.7968807220459,7.965439796447754],"axis":"y","angle":45.0},"faces":{"east":{"uv":[6.75,2.0,7.0,2.125],"texture":"#0"},"south":{"uv":[8.5,5.5,8.625,5.625],"texture":"#0"},"up":{"uv":[6.875,2.5,6.75,2.25],"texture":"#0"},"west":{"uv":[2.25,6.75,2.5,6.875],"texture":"#0"},"down":{"uv":[2.625,6.75,2.5,7.0],"texture":"#0"},"north":{"uv":[5.5,8.5,5.625,8.625],"texture":"#0"}}},{"from":[9.232009887695312,17.4375,6.340439796447754],"to":[9.357009887695312,18.125,7.090439796447754],"rotation":{"origin":[8.107009887695312,17.7968807220459,7.965439796447754],"axis":"y","angle":45.0},"faces":{"east":{"uv":[6.75,2.5,7.0,2.625],"texture":"#0"},"south":{"uv":[8.5,5.75,8.625,5.875],"texture":"#0"},"up":{"uv":[6.875,3.0,6.75,2.75],"texture":"#0"},"west":{"uv":[2.75,6.75,3.0,6.875],"texture":"#0"},"down":{"uv":[3.125,6.75,3.0,7.0],"texture":"#0"},"north":{"uv":[5.75,8.5,5.875,8.625],"texture":"#0"}}},{"from":[9.232009887695312,18.125,6.465439796447754],"to":[9.357009887695312,18.25,6.965439796447754],"rotation":{"origin":[8.107009887695312,17.7968807220459,7.965439796447754],"axis":"y","angle":45.0},"faces":{"east":{"uv":[8.5,6.0,8.625,6.125],"texture":"#0"},"south":{"uv":[6.25,8.5,6.375,8.625],"texture":"#0"},"up":{"uv":[6.625,8.625,6.5,8.5],"texture":"#0"},"west":{"uv":[8.5,6.25,8.625,6.375],"texture":"#0"},"down":{"uv":[8.625,6.5,8.5,6.625],"texture":"#0"},"north":{"uv":[6.0,8.5,6.125,8.625],"texture":"#0"}}},{"from":[8.357009887695312,18.125,6.465439796447754],"to":[8.482009887695312,18.25,6.965439796447754],"rotation":{"origin":[8.107009887695312,17.7968807220459,7.965439796447754],"axis":"y","angle":45.0},"faces":{"east":{"uv":[8.5,6.75,8.625,6.875],"texture":"#0"},"south":{"uv":[7.0,8.5,7.125,8.625],"texture":"#0"},"up":{"uv":[7.375,8.625,7.25,8.5],"texture":"#0"},"west":{"uv":[8.5,7.0,8.625,7.125],"texture":"#0"},"down":{"uv":[8.625,7.25,8.5,7.375],"texture":"#0"},"north":{"uv":[6.75,8.5,6.875,8.625],"texture":"#0"}}},{"from":[8.607009887695312,18.125,6.215439796447754],"to":[9.107009887695312,18.25,6.340439796447754],"rotation":{"origin":[8.107009887695312,17.7968807220459,7.965439796447754],"axis":"y","angle":45.0},"faces":{"east":{"uv":[8.5,7.5,8.625,7.625],"texture":"#0"},"south":{"uv":[7.75,8.5,7.875,8.625],"texture":"#0"},"up":{"uv":[8.125,8.625,8.0,8.5],"texture":"#0"},"west":{"uv":[8.5,7.75,8.625,7.875],"texture":"#0"},"down":{"uv":[8.625,8.0,8.5,8.125],"texture":"#0"},"north":{"uv":[7.5,8.5,7.625,8.625],"texture":"#0"}}},{"from":[8.607009887695312,18.125,7.090439796447754],"to":[9.107009887695312,18.25,7.215439796447754],"rotation":{"origin":[8.107009887695312,17.7968807220459,7.965439796447754],"axis":"y","angle":45.0},"faces":{"east":{"uv":[8.5,8.25,8.625,8.375],"texture":"#0"},"south":{"uv":[8.5,8.5,8.625,8.625],"texture":"#0"},"up":{"uv":[8.875,0.125,8.75,0.0],"texture":"#0"},"west":{"uv":[0.0,8.75,0.125,8.875],"texture":"#0"},"down":{"uv":[0.375,8.75,0.25,8.875],"texture":"#0"},"north":{"uv":[8.25,8.5,8.375,8.625],"texture":"#0"}}},{"from":[8.607009887695312,18.0,6.465439796447754],"to":[9.107009887695312,18.1875,6.965439796447754],"rotation":{"origin":[8.107009887695312,17.7968807220459,7.965439796447754],"axis":"y","angle":45.0},"faces":{"east":{"uv":[0.5,8.75,0.625,8.875],"texture":"#0"},"south":{"uv":[8.75,0.5,8.875,0.625],"texture":"#0"},"up":{"uv":[8.875,0.875,8.75,0.75],"texture":"#0"},"west":{"uv":[0.75,8.75,0.875,8.875],"texture":"#0"},"down":{"uv":[1.125,8.75,1.0,8.875],"texture":"#0"},"north":{"uv":[8.75,0.25,8.875,0.375],"texture":"#0"}}},{"from":[5.1695098876953125,17.4375,7.090439796447754],"to":[5.9195098876953125,18.25,7.840439796447754],"rotation":{"origin":[6.9820098876953125,17.7968807220459,8.715439796447754],"axis":"y","angle":22.5},"faces":{"east":{"uv":[2.5,5.75,2.75,6.0],"texture":"#0"},"south":{"uv":[5.75,2.5,6.0,2.75],"texture":"#0"},"up":{"uv":[6.0,3.0,5.75,2.75],"texture":"#0"},"west":{"uv":[2.75,5.75,3.0,6.0],"texture":"#0"},"down":{"uv":[3.25,5.75,3.0,6.0],"texture":"#0"},"north":{"uv":[5.75,2.25,6.0,2.5],"texture":"#0"}}},{"from":[5.4195098876953125,16.875,7.340439796447754],"to":[5.6695098876953125,17.4375,7.590439796447754],"rotation":{"origin":[6.9820098876953125,17.7968807220459,8.715439796447754],"axis":"y","angle":22.5},"faces":{"east":{"uv":[1.25,8.75,1.375,8.875],"texture":"#0"},"south":{"uv":[8.75,1.25,8.875,1.375],"texture":"#0"},"up":{"uv":[8.875,1.625,8.75,1.5],"texture":"#0"},"west":{"uv":[1.5,8.75,1.625,8.875],"texture":"#0"},"down":{"uv":[1.875,8.75,1.75,8.875],"texture":"#0"},"north":{"uv":[8.75,1.0,8.875,1.125],"texture":"#0"}}},{"from":[5.4195098876953125,16.25,7.590439796447754],"to":[5.6695098876953125,17.0625,7.840439796447754],"rotation":{"origin":[6.9820098876953125,17.7968807220459,8.715439796447754],"axis":"y","angle":22.5},"faces":{"east":{"uv":[3.25,6.75,3.375,7.0],"texture":"#0"},"south":{"uv":[6.75,3.25,6.875,3.5],"texture":"#0"},"up":{"uv":[8.875,1.875,8.75,1.75],"texture":"#0"},"west":{"uv":[3.5,6.75,3.625,7.0],"texture":"#0"},"down":{"uv":[2.125,8.75,2.0,8.875],"texture":"#0"},"north":{"uv":[6.75,3.0,6.875,3.25],"texture":"#0"}}},{"from":[5.1695098876953125,17.6875,6.965439796447754],"to":[5.9195098876953125,18.375,7.090439796447754],"rotation":{"origin":[6.9820098876953125,17.7968807220459,8.715439796447754],"axis":"y","angle":22.5},"faces":{"east":{"uv":[8.75,2.0,8.875,2.125],"texture":"#0"},"south":{"uv":[3.75,6.75,4.0,6.875],"texture":"#0"},"up":{"uv":[7.0,3.875,6.75,3.75],"texture":"#0"},"west":{"uv":[2.25,8.75,2.375,8.875],"texture":"#0"},"down":{"uv":[4.25,6.75,4.0,6.875],"texture":"#0"},"north":{"uv":[6.75,3.5,7.0,3.625],"texture":"#0"}}},{"from":[5.1695098876953125,17.6875,7.840439796447754],"to":[5.9195098876953125,18.375,7.965439796447754],"rotation":{"origin":[6.9820098876953125,17.7968807220459,8.715439796447754],"axis":"y","angle":22.5},"faces":{"east":{"uv":[8.75,2.25,8.875,2.375],"texture":"#0"},"south":{"uv":[4.25,6.75,4.5,6.875],"texture":"#0"},"up":{"uv":[7.0,4.375,6.75,4.25],"texture":"#0"},"west":{"uv":[2.5,8.75,2.625,8.875],"texture":"#0"},"down":{"uv":[4.75,6.75,4.5,6.875],"texture":"#0"},"north":{"uv":[6.75,4.0,7.0,4.125],"texture":"#0"}}},{"from":[5.9195098876953125,17.6875,7.090439796447754],"to":[6.0445098876953125,18.375,7.840439796447754],"rotation":{"origin":[6.9820098876953125,17.7968807220459,8.715439796447754],"axis":"y","angle":22.5},"faces":{"east":{"uv":[6.75,4.5,7.0,4.625],"texture":"#0"},"south":{"uv":[2.75,8.75,2.875,8.875],"texture":"#0"},"up":{"uv":[6.875,5.0,6.75,4.75],"texture":"#0"},"west":{"uv":[4.75,6.75,5.0,6.875],"texture":"#0"},"down":{"uv":[5.125,6.75,5.0,7.0],"texture":"#0"},"north":{"uv":[8.75,2.5,8.875,2.625],"texture":"#0"}}},{"from":[5.0445098876953125,17.6875,7.090439796447754],"to":[5.1695098876953125,18.375,7.840439796447754],"rotation":{"origin":[6.9820098876953125,17.7968807220459,8.715439796447754],"axis":"y","angle":22.5},"faces":{"east":{"uv":[6.75,5.0,7.0,5.125],"texture":"#0"},"south":{"uv":[3.0,8.75,3.125,8.875],"texture":"#0"},"up":{"uv":[6.875,5.5,6.75,5.25],"texture":"#0"},"west":{"uv":[5.25,6.75,5.5,6.875],"texture":"#0"},"down":{"uv":[5.625,6.75,5.5,7.0],"texture":"#0"},"north":{"uv":[8.75,2.75,8.875,2.875],"texture":"#0"}}},{"from":[5.0445098876953125,18.375,7.215439796447754],"to":[5.1695098876953125,18.5,7.715439796447754],"rotation":{"origin":[6.9820098876953125,17.7968807220459,8.715439796447754],"axis":"y","angle":22.5},"faces":{"east":{"uv":[3.25,8.75,3.375,8.875],"texture":"#0"},"south":{"uv":[8.75,3.25,8.875,3.375],"texture":"#0"},"up":{"uv":[8.875,3.625,8.75,3.5],"texture":"#0"},"west":{"uv":[3.5,8.75,3.625,8.875],"texture":"#0"},"down":{"uv":[3.875,8.75,3.75,8.875],"texture":"#0"},"north":{"uv":[8.75,3.0,8.875,3.125],"texture":"#0"}}},{"from":[5.9195098876953125,18.375,7.215439796447754],"to":[6.0445098876953125,18.5,7.715439796447754],"rotation":{"origin":[6.9820098876953125,17.7968807220459,8.715439796447754],"axis":"y","angle":22.5},"faces":{"east":{"uv":[4.0,8.75,4.125,8.875],"texture":"#0"},"south":{"uv":[8.75,4.0,8.875,4.125],"texture":"#0"},"up":{"uv":[8.875,4.375,8.75,4.25],"texture":"#0"},"west":{"uv":[4.25,8.75,4.375,8.875],"texture":"#0"},"down":{"uv":[4.625,8.75,4.5,8.875],"texture":"#0"},"north":{"uv":[8.75,3.75,8.875,3.875],"texture":"#0"}}},{"from":[5.2945098876953125,18.375,7.840439796447754],"to":[5.7945098876953125,18.5,7.965439796447754],"rotation":{"origin":[6.9820098876953125,17.7968807220459,8.715439796447754],"axis":"y","angle":22.5},"faces":{"east":{"uv":[4.75,8.75,4.875,8.875],"texture":"#0"},"south":{"uv":[8.75,4.75,8.875,4.875],"texture":"#0"},"up":{"uv":[8.875,5.125,8.75,5.0],"texture":"#0"},"west":{"uv":[5.0,8.75,5.125,8.875],"texture":"#0"},"down":{"uv":[5.375,8.75,5.25,8.875],"texture":"#0"},"north":{"uv":[8.75,4.5,8.875,4.625],"texture":"#0"}}},{"from":[5.2945098876953125,18.375,6.965439796447754],"to":[5.7945098876953125,18.5,7.090439796447754],"rotation":{"origin":[6.9820098876953125,17.7968807220459,8.715439796447754],"axis":"y","angle":22.5},"faces":{"east":{"uv":[5.5,8.75,5.625,8.875],"texture":"#0"},"south":{"uv":[8.75,5.5,8.875,5.625],"texture":"#0"},"up":{"uv":[8.875,5.875,8.75,5.75],"texture":"#0"},"west":{"uv":[5.75,8.75,5.875,8.875],"texture":"#0"},"down":{"uv":[6.125,8.75,6.0,8.875],"texture":"#0"},"north":{"uv":[8.75,5.25,8.875,5.375],"texture":"#0"}}},{"from":[5.2945098876953125,18.25,7.215439796447754],"to":[5.7945098876953125,18.4375,7.715439796447754],"rotation":{"origin":[6.9820098876953125,17.7968807220459,8.715439796447754],"axis":"y","angle":22.5},"faces":{"east":{"uv":[6.25,8.75,6.375,8.875],"texture":"#0"},"south":{"uv":[8.75,6.25,8.875,6.375],"texture":"#0"},"up":{"uv":[8.875,6.625,8.75,6.5],"texture":"#0"},"west":{"uv":[6.5,8.75,6.625,8.875],"texture":"#0"},"down":{"uv":[6.875,8.75,6.75,8.875],"texture":"#0"},"north":{"uv":[8.75,6.0,8.875,6.125],"texture":"#0"}}}],"textures":{"particle":"item/bouquet","0":"item/bouquet"}}