{"display":{"thirdperson_lefthand":{"rotation":[90.0,-90.0,0.0],"translation":[0.0,-2.0,-1.25],"scale":[0.5899999737739563,0.5899999737739563,0.5899999737739563]},"firstperson_lefthand":{"rotation":[99.0,90.0,0.0],"translation":[-1.5,3.25,3.5],"scale":[0.5099999904632568,0.5099999904632568,0.5099999904632568]},"fixed":{"translation":[0.0,3.0,0.0]},"firstperson_righthand":{"rotation":[99.0,90.0,0.0],"translation":[-1.5,3.25,3.5],"scale":[0.5099999904632568,0.5099999904632568,0.5099999904632568]},"gui":{"rotation":[6.079999923706055,-16.25,0.27000001072883606],"translation":[0.0,3.25,0.0]},"ground":{"rotation":[0.0,45.0,0.0],"translation":[0.0,6.0,0.0]},"head":{"rotation":[90.0,0.0,39.0],"translation":[-2.0,7.5,1.5]},"thirdperson_righthand":{"rotation":[90.0,-90.0,0.0],"translation":[0.0,-2.0,-1.25],"scale":[0.5899999737739563,0.5899999737739563,0.5899999737739563]}},"elements":[{"from":[7.0,0.0,7.0],"to":[9.0,3.0,9.0],"faces":{"east":{"uv":[3.0,4.0,4.0,5.5],"texture":"#0"},"south":{"uv":[4.0,3.5,5.0,5.0],"texture":"#0"},"up":{"uv":[6.0,2.5,5.0,1.5],"texture":"#0"},"west":{"uv":[5.0,0.0,6.0,1.5],"texture":"#0"},"down":{"uv":[6.0,2.5,5.0,3.5],"texture":"#0"},"north":{"uv":[4.0,2.0,5.0,3.5],"texture":"#0"}}},{"from":[7.0,3.5,7.0],"to":[9.0,4.0,9.0],"faces":{"east":{"uv":[4.0,8.0,5.0,8.25],"texture":"#0"},"south":{"uv":[5.0,8.0,6.0,8.25],"texture":"#0"},"up":{"uv":[6.0,4.5,5.0,3.5],"texture":"#0"},"west":{"uv":[6.5,8.0,7.5,8.25],"texture":"#0"},"down":{"uv":[5.0,5.0,4.0,6.0],"texture":"#0"},"north":{"uv":[8.0,3.5,9.0,3.75],"texture":"#0"}}},{"from":[7.0,4.5,7.0],"to":[9.0,6.25,9.0],"faces":{"east":{"uv":[3.0,5.5,4.0,6.5],"texture":"#0"},"south":{"uv":[5.0,5.5,6.0,6.5],"texture":"#0"},"up":{"uv":[7.0,1.0,6.0,0.0],"texture":"#0"},"west":{"uv":[0.0,6.0,1.0,7.0],"texture":"#0"},"down":{"uv":[2.0,6.0,1.0,7.0],"texture":"#0"},"north":{"uv":[5.0,4.5,6.0,5.5],"texture":"#0"}}},{"from":[7.0,6.25,7.0],"to":[9.0,9.75,9.0],"faces":{"east":{"uv":[2.0,2.0,3.0,3.75],"texture":"#0"},"south":{"uv":[3.0,0.0,4.0,1.75],"texture":"#0"},"up":{"uv":[7.0,2.0,6.0,1.0],"texture":"#0"},"west":{"uv":[3.0,2.0,4.0,3.75],"texture":"#0"},"down":{"uv":[3.0,6.0,2.0,7.0],"texture":"#0"},"north":{"uv":[1.0,2.0,2.0,3.75],"texture":"#0"}}},{"from":[6.5,5.75,7.0],"to":[7.0,9.75,9.0],"faces":{"east":{"uv":[0.0,0.0,1.0,2.0],"texture":"#0"},"south":{"uv":[7.0,4.0,7.25,6.0],"texture":"#0"},"up":{"uv":[2.25,9.0,2.0,8.0],"texture":"#0"},"west":{"uv":[1.0,0.0,2.0,2.0],"texture":"#0"},"down":{"uv":[7.75,8.0,7.5,9.0],"texture":"#0"},"north":{"uv":[2.5,7.0,2.75,9.0],"texture":"#0"}}},{"from":[9.0,5.75,7.0],"to":[9.5,9.75,9.0],"faces":{"east":{"uv":[0.0,2.0,1.0,4.0],"texture":"#0"},"south":{"uv":[7.0,6.0,7.25,8.0],"texture":"#0"},"up":{"uv":[8.25,9.0,8.0,8.0],"texture":"#0"},"west":{"uv":[2.0,0.0,3.0,2.0],"texture":"#0"},"down":{"uv":[8.75,0.0,8.5,1.0],"texture":"#0"},"north":{"uv":[6.0,7.0,6.25,9.0],"texture":"#0"}}},{"from":[11.25,6.1875,7.0],"to":[12.0,9.4375,9.0],"rotation":{"origin":[10.375,6.75,8.0],"axis":"z","angle":0.0},"faces":{"east":{"uv":[0.0,4.0,1.0,5.75],"texture":"#0"},"south":{"uv":[7.0,0.0,7.5,1.75],"texture":"#0"},"up":{"uv":[7.0,8.0,6.5,7.0],"texture":"#0"},"west":{"uv":[4.0,0.0,5.0,1.75],"texture":"#0"},"down":{"uv":[8.0,0.0,7.5,1.0],"texture":"#0"},"north":{"uv":[0.0,7.0,0.5,8.75],"texture":"#0"}}},{"from":[9.5,6.1875,7.0],"to":[11.25,6.9375,9.0],"faces":{"east":{"uv":[7.5,1.5,8.5,2.0],"texture":"#0"},"south":{"uv":[3.0,7.5,4.0,8.0],"texture":"#0"},"up":{"uv":[7.0,3.0,6.0,2.0],"texture":"#0"},"west":{"uv":[7.5,4.0,8.5,4.5],"texture":"#0"},"down":{"uv":[7.0,3.0,6.0,4.0],"texture":"#0"},"north":{"uv":[7.5,1.0,8.5,1.5],"texture":"#0"}}},{"from":[9.5,8.6875,7.0],"to":[11.25,9.4375,9.0],"faces":{"east":{"uv":[5.0,7.5,6.0,8.0],"texture":"#0"},"south":{"uv":[7.5,5.0,8.5,5.5],"texture":"#0"},"up":{"uv":[5.0,7.0,4.0,6.0],"texture":"#0"},"west":{"uv":[7.5,5.5,8.5,6.0],"texture":"#0"},"down":{"uv":[7.0,4.0,6.0,5.0],"texture":"#0"},"north":{"uv":[7.5,4.5,8.5,5.0],"texture":"#0"}}},{"from":[4.75,6.1875,7.0],"to":[6.5,6.9375,9.0],"rotation":{"origin":[11.0,7.8125,8.0],"axis":"y","angle":0.0},"faces":{"east":{"uv":[7.5,6.5,8.5,7.0],"texture":"#0"},"south":{"uv":[7.5,7.0,8.5,7.5],"texture":"#0"},"up":{"uv":[7.0,6.0,6.0,5.0],"texture":"#0"},"west":{"uv":[7.5,7.5,8.5,8.0],"texture":"#0"},"down":{"uv":[7.0,6.0,6.0,7.0],"texture":"#0"},"north":{"uv":[7.5,6.0,8.5,6.5],"texture":"#0"}}},{"from":[4.0,6.1875,7.0],"to":[4.75,9.4375,9.0],"rotation":{"origin":[11.0,7.8125,8.0],"axis":"y","angle":0.0},"faces":{"east":{"uv":[1.0,4.0,2.0,5.75],"texture":"#0"},"south":{"uv":[1.0,7.0,1.5,8.75],"texture":"#0"},"up":{"uv":[8.5,1.0,8.0,0.0],"texture":"#0"},"west":{"uv":[2.0,4.0,3.0,5.75],"texture":"#0"},"down":{"uv":[2.0,8.0,1.5,9.0],"texture":"#0"},"north":{"uv":[0.5,7.0,1.0,8.75],"texture":"#0"}}},{"from":[4.75,8.6875,7.0],"to":[6.5,9.4375,9.0],"rotation":{"origin":[11.0,7.8125,8.0],"axis":"y","angle":0.0},"faces":{"east":{"uv":[8.0,2.5,9.0,3.0],"texture":"#0"},"south":{"uv":[3.0,8.0,4.0,8.5],"texture":"#0"},"up":{"uv":[4.0,7.5,3.0,6.5],"texture":"#0"},"west":{"uv":[8.0,3.0,9.0,3.5],"texture":"#0"},"down":{"uv":[6.0,6.5,5.0,7.5],"texture":"#0"},"north":{"uv":[8.0,2.0,9.0,2.5],"texture":"#0"}}},{"from":[7.25,3.0,7.25],"to":[8.75,3.5,8.75],"faces":{"east":{"uv":[8.5,1.5,9.25,1.75],"texture":"#0"},"south":{"uv":[3.0,8.5,3.75,8.75],"texture":"#0"},"up":{"uv":[2.25,7.75,1.5,7.0],"texture":"#0"},"west":{"uv":[4.0,8.5,4.75,8.75],"texture":"#0"},"down":{"uv":[7.75,2.0,7.0,2.75],"texture":"#0"},"north":{"uv":[8.5,1.0,9.25,1.25],"texture":"#0"}}},{"from":[7.25,4.0,7.25],"to":[8.75,4.5,8.75],"faces":{"east":{"uv":[8.5,4.5,9.25,4.75],"texture":"#0"},"south":{"uv":[5.0,8.5,5.75,8.75],"texture":"#0"},"up":{"uv":[7.75,3.75,7.0,3.0],"texture":"#0"},"west":{"uv":[8.5,5.0,9.25,5.25],"texture":"#0"},"down":{"uv":[4.75,7.0,4.0,7.75],"texture":"#0"},"north":{"uv":[8.5,4.0,9.25,4.25],"texture":"#0"}}}],"textures":{"particle":"item/windingkey","0":"item/windingkey"}}