{
    "parent": "item/generated",
    "textures": {
        "layer0": "item/music_disc_11"
    },
    "overrides": [
        {
            "predicate": {
                "custom_model_data": 1
            },
            "model": "item/music_disc_amomentofrestliveversionprofessorlaytonandthediabolicalbox"
        },
        {
            "predicate": {
                "custom_model_data": 2
            },
            "model": "item/music_disc_animalcrossinggamecubefullthemesonghighquality"
        },
        {
            "predicate": {
                "custom_model_data": 3
            },
            "model": "item/music_disc_aquariumparkactthreesoniccolorsost"
        },
        {
            "predicate": {
                "custom_model_data": 4
            },
            "model": "item/music_disc_danganronpaoriginalsoundtracktwosixbeautifulmorningdiscone"
        },
        {
            "predicate": {
                "custom_model_data": 5
            },
            "model": "item/music_disc_deblobtwopaintpartygonzo"
        },
        {
            "predicate": {
                "custom_model_data": 6
            },
            "model": "item/music_disc_ducktalesremasteredsoundtrackmoontheme"
        },
        {
            "predicate": {
                "custom_model_data": 7
            },
            "model": "item/music_disc_fortslacktideanothercrabstreasureost"
        },
        {
            "predicate": {
                "custom_model_data": 8
            },
            "model": "item/music_disc_giantfanofboneheadislandpapermariotheorigamikingostextended"
        },
        {
            "predicate": {
                "custom_model_data": 9
            },
            "model": "item/music_disc_longwayfromhomezentarosthemeomegastrikers"
        },
        {
            "predicate": {
                "custom_model_data": 10
            },
            "model": "item/music_disc_miitopiaostinnmaintheme"
        },
        {
            "predicate": {
                "custom_model_data": 11
            },
            "model": "item/music_disc_neuronhqastralchain"
        },
        {
            "predicate": {
                "custom_model_data": 12
            },
            "model": "item/music_disc_ostbayonettatwothegatesofhell"
        },
        {
            "predicate": {
                "custom_model_data": 13
            },
            "model": "item/music_disc_pestwozerozeroeightambiguousteagallerymode"
        },
        {
            "predicate": {
                "custom_model_data": 14
            },
            "model": "item/music_disc_seeyouatthetopshorthike"
        },
        {
            "predicate": {
                "custom_model_data": 15
            },
            "model": "item/music_disc_spacestationonethreemusictraitorabsconditus"
        },
        {
            "predicate": {
                "custom_model_data": 16
            },
            "model": "item/music_disc_yakuzazeroosttwozerowerelonghuaexpedition"
        }
    ]
}