{"display":{"head":{"translation":[0.0,-6.400000095367432,0.0],"scale":[4.0,4.0,4.0]}},"elements":[{"from":[7.4285712242126465,6.285714149475098,4.571428298950195],"to":[8.571428298950195,8.571428298950195,5.714285850524902],"rotation":{"origin":[8.0,-6.857143402099609,8.0],"axis":"y","angle":0.0},"faces":{"east":{"uv":[6.0,0.5,6.5,1.5],"texture":"#0","tintindex":0},"south":{"uv":[7.5,0.5,8.0,1.5],"texture":"#0","tintindex":0},"up":{"uv":[7.0,0.5,6.5,0.0],"texture":"#0","tintindex":0},"west":{"uv":[7.0,0.5,7.5,1.5],"texture":"#0","tintindex":0},"down":{"uv":[7.5,0.0,7.0,0.5],"texture":"#0","tintindex":0},"north":{"uv":[6.5,0.5,7.0,1.5],"texture":"#0","tintindex":0}}}],"textures":{"0":"modelengine:entity/pillager"}}