{"display":{"gui":{"rotation":[30.0,225.0,0.0]}},"elements":[{"from":[6.0,-4.0,6.0],"to":[10.0,8.0,10.0],"faces":{"east":{"uv":[3.0,6.5,2.0,9.5],"texture":"#0","tintindex":0},"south":{"uv":[4.0,6.5,3.0,9.5],"texture":"#0","tintindex":0},"up":{"uv":[1.0,6.5,2.0,5.5],"texture":"#0","tintindex":0},"west":{"uv":[1.0,6.5,0.0,9.5],"texture":"#0","tintindex":0},"down":{"uv":[2.0,5.5,3.0,6.5],"texture":"#0","tintindex":0},"north":{"uv":[2.0,6.5,1.0,9.5],"texture":"#0","tintindex":0}}}],"textures":{"0":"modelengine:entity/pillager"}}