{"display":{"gui":{"rotation":[30.0,225.0,0.0]}},"elements":[{"from":[4.0,-4.0,6.0],"to":[12.0,8.0,10.0],"faces":{"east":{"uv":[4.0,10.0,5.0,16.0],"texture":"#1","tintindex":0},"south":{"uv":[8.0,10.0,10.0,16.0],"texture":"#1","tintindex":0},"up":{"uv":[7.0,10.0,5.0,8.0],"texture":"#1","tintindex":0},"west":{"uv":[7.0,10.0,8.0,16.0],"texture":"#1","tintindex":0},"down":{"uv":[9.0,8.0,7.0,10.0],"texture":"#1","tintindex":0},"north":{"uv":[5.0,10.0,7.0,16.0],"texture":"#1","tintindex":0}}}],"textures":{"1":"modelengine:entity/skeleton"}}