{"display":{"gui":{"rotation":[30.0,225.0,0.0]}},"elements":[{"from":[3.5,7.5,3.5],"to":[12.5,16.5,12.5],"faces":{"east":{"uv":[8.0,4.0,10.0,8.0],"texture":"#1","tintindex":0},"south":{"uv":[14.0,4.0,16.0,8.0],"texture":"#1","tintindex":0},"up":{"uv":[12.0,4.0,10.0,0.0],"texture":"#1","tintindex":0},"west":{"uv":[12.0,4.0,14.0,8.0],"texture":"#1","tintindex":0},"down":{"uv":[14.0,0.0,12.0,4.0],"texture":"#1","tintindex":0},"north":{"uv":[10.0,4.0,12.0,8.0],"texture":"#1","tintindex":0}}},{"from":[4.0,8.0,4.0],"to":[12.0,16.0,12.0],"faces":{"east":{"uv":[0.0,4.0,2.0,8.0],"texture":"#1","tintindex":0},"south":{"uv":[6.0,4.0,8.0,8.0],"texture":"#1","tintindex":0},"up":{"uv":[4.0,4.0,2.0,0.0],"texture":"#1","tintindex":0},"west":{"uv":[4.0,4.0,6.0,8.0],"texture":"#1","tintindex":0},"down":{"uv":[6.0,0.0,4.0,4.0],"texture":"#1","tintindex":0},"north":{"uv":[2.0,4.0,4.0,8.0],"texture":"#1","tintindex":0}}}],"textures":{"1":"modelengine:entity/skeleton"}}