{"display":{"gui":{"rotation":[30.0,225.0,0.0]}},"elements":[{"from":[5.75,10.75,6.25],"to":[10.25,20.25,9.75],"faces":{"east":{"uv":[0.0,11.0,1.5,15.5],"texture":"#0","tintindex":0},"south":{"uv":[5.0,11.0,7.0,15.5],"texture":"#0","tintindex":0},"up":{"uv":[3.5,11.0,1.5,9.5],"texture":"#0","tintindex":0},"west":{"uv":[3.5,11.0,5.0,15.5],"texture":"#0","tintindex":0},"down":{"uv":[5.5,9.5,3.5,11.0],"texture":"#0","tintindex":0},"north":{"uv":[1.5,11.0,3.5,15.5],"texture":"#0","tintindex":0}}},{"from":[6.0,14.0,6.5],"to":[10.0,20.0,9.5],"faces":{"east":{"uv":[4.0,6.5,5.5,9.5],"texture":"#0","tintindex":0},"south":{"uv":[9.0,6.5,11.0,9.5],"texture":"#0","tintindex":0},"up":{"uv":[7.5,6.5,5.5,5.0],"texture":"#0","tintindex":0},"west":{"uv":[7.5,6.5,9.0,9.5],"texture":"#0","tintindex":0},"down":{"uv":[9.5,5.0,7.5,6.5],"texture":"#0","tintindex":0},"north":{"uv":[5.5,6.5,7.5,9.5],"texture":"#0","tintindex":0}}}],"textures":{"0":"modelengine:entity/pillager"}}