{"display":{"gui":{"rotation":[30.0,225.0,0.0]}},"elements":[{"from":[7.0,-4.0,7.0],"to":[9.0,8.0,9.0],"faces":{"east":{"uv":[0.0,9.0,0.5,15.0],"texture":"#1","tintindex":0},"south":{"uv":[1.5,9.0,2.0,15.0],"texture":"#1","tintindex":0},"up":{"uv":[1.0,9.0,0.5,8.0],"texture":"#1","tintindex":0},"west":{"uv":[1.0,9.0,1.5,15.0],"texture":"#1","tintindex":0},"down":{"uv":[1.5,8.0,1.0,9.0],"texture":"#1","tintindex":0},"north":{"uv":[0.5,9.0,1.0,15.0],"texture":"#1","tintindex":0}}}],"textures":{"1":"modelengine:entity/skeleton"}}