{"display":{"gui":{"rotation":[30.0,225.0,0.0]}},"elements":[{"from":[7.0,-2.0,7.0],"to":[9.0,10.0,9.0],"faces":{"east":{"uv":[10.0,9.0,10.5,15.0],"texture":"#1","tintindex":0},"south":{"uv":[11.5,9.0,12.0,15.0],"texture":"#1","tintindex":0},"up":{"uv":[11.0,9.0,10.5,8.0],"texture":"#1","tintindex":0},"west":{"uv":[11.0,9.0,11.5,15.0],"texture":"#1","tintindex":0},"down":{"uv":[11.5,8.0,11.0,9.0],"texture":"#1","tintindex":0},"north":{"uv":[10.5,9.0,11.0,15.0],"texture":"#1","tintindex":0}}}],"textures":{"1":"modelengine:entity/skeleton"}}