{"parent":"item/generated","textures":{"layer0":"item/paper"},"overrides":[{"predicate":{"custom_model_data":600},"model":"item/paper/600"},{"predicate":{"custom_model_data":601},"model":"item/paper/601"},{"predicate":{"custom_model_data":602},"model":"item/paper/602"},{"predicate":{"custom_model_data":603},"model":"item/paper/603"},{"predicate":{"custom_model_data":700},"model":"item/paper/blondedoll"},{"predicate":{"custom_model_data":701},"model":"item/paper/brunettedoll"},{"predicate":{"custom_model_data":702},"model":"item/paper/silverdoll"},{"predicate":{"custom_model_data":703},"model":"item/paper/golddoll"},{"predicate":{"custom_model_data":704},"model":"item/paper/saphire1"},{"predicate":{"custom_model_data":705},"model":"item/paper/saphire2"},{"predicate":{"custom_model_data":706},"model":"item/paper/saphire3"},{"predicate":{"custom_model_data":707},"model":"item/paper/saphire4"},{"predicate":{"custom_model_data":801},"model":"item/cards/clubs1"},{"predicate":{"custom_model_data":802},"model":"item/cards/clubs2"},{"predicate":{"custom_model_data":803},"model":"item/cards/clubs3"},{"predicate":{"custom_model_data":804},"model":"item/cards/clubs4"},{"predicate":{"custom_model_data":805},"model":"item/cards/clubs5"},{"predicate":{"custom_model_data":806},"model":"item/cards/clubs6"},{"predicate":{"custom_model_data":807},"model":"item/cards/clubs7"},{"predicate":{"custom_model_data":808},"model":"item/cards/clubs8"},{"predicate":{"custom_model_data":809},"model":"item/cards/clubs9"},{"predicate":{"custom_model_data":810},"model":"item/cards/clubs10"},{"predicate":{"custom_model_data":811},"model":"item/cards/clubsj"},{"predicate":{"custom_model_data":812},"model":"item/cards/clubsq"},{"predicate":{"custom_model_data":813},"model":"item/cards/clubsk"},{"predicate":{"custom_model_data":901},"model":"item/cards/spades1"},{"predicate":{"custom_model_data":902},"model":"item/cards/spades2"},{"predicate":{"custom_model_data":903},"model":"item/cards/spades3"},{"predicate":{"custom_model_data":904},"model":"item/cards/spades4"},{"predicate":{"custom_model_data":905},"model":"item/cards/spades5"},{"predicate":{"custom_model_data":906},"model":"item/cards/spades6"},{"predicate":{"custom_model_data":907},"model":"item/cards/spades7"},{"predicate":{"custom_model_data":909},"model":"item/cards/spades8"},{"predicate":{"custom_model_data":909},"model":"item/cards/spades9"},{"predicate":{"custom_model_data":910},"model":"item/cards/spades10"},{"predicate":{"custom_model_data":911},"model":"item/cards/spadesj"},{"predicate":{"custom_model_data":912},"model":"item/cards/spadesq"},{"predicate":{"custom_model_data":913},"model":"item/cards/spadesk"},{"predicate":{"custom_model_data":1001},"model":"item/cards/diamonds1"},{"predicate":{"custom_model_data":1002},"model":"item/cards/diamonds2"},{"predicate":{"custom_model_data":1003},"model":"item/cards/diamonds3"},{"predicate":{"custom_model_data":1004},"model":"item/cards/diamonds4"},{"predicate":{"custom_model_data":1005},"model":"item/cards/diamonds5"},{"predicate":{"custom_model_data":1006},"model":"item/cards/diamonds6"},{"predicate":{"custom_model_data":1007},"model":"item/cards/diamonds7"},{"predicate":{"custom_model_data":1008},"model":"item/cards/diamonds8"},{"predicate":{"custom_model_data":1009},"model":"item/cards/diamonds9"},{"predicate":{"custom_model_data":1010},"model":"item/cards/diamonds10"},{"predicate":{"custom_model_data":1011},"model":"item/cards/diamondsj"},{"predicate":{"custom_model_data":1012},"model":"item/cards/diamondsq"},{"predicate":{"custom_model_data":1013},"model":"item/cards/diamondsk"},{"predicate":{"custom_model_data":1101},"model":"item/cards/hearts1"},{"predicate":{"custom_model_data":1102},"model":"item/cards/hearts2"},{"predicate":{"custom_model_data":1103},"model":"item/cards/hearts3"},{"predicate":{"custom_model_data":1104},"model":"item/cards/hearts4"},{"predicate":{"custom_model_data":1105},"model":"item/cards/hearts5"},{"predicate":{"custom_model_data":1106},"model":"item/cards/hearts6"},{"predicate":{"custom_model_data":1107},"model":"item/cards/hearts7"},{"predicate":{"custom_model_data":1108},"model":"item/cards/hearts8"},{"predicate":{"custom_model_data":1109},"model":"item/cards/hearts9"},{"predicate":{"custom_model_data":1110},"model":"item/cards/hearts10"},{"predicate":{"custom_model_data":1111},"model":"item/cards/heartsj"},{"predicate":{"custom_model_data":1112},"model":"item/cards/heartsq"},{"predicate":{"custom_model_data":1113},"model":"item/cards/heartsk"},{"predicate":{"custom_model_data":2000},"model":"item/paper/thetower"},{"predicate":{"custom_model_data":2001},"model":"item/paper/thefool"},{"predicate":{"custom_model_data":2002},"model":"item/paper/temperance"},{"predicate":{"custom_model_data":2003},"model":"item/paper/thehermit"},{"predicate":{"custom_model_data":2004},"model":"item/paper/thedevil"},{"predicate":{"custom_model_data":2005},"model":"item/paper/theworld"}]}