{
  "fiddlesticks": {
    "sounds": [
      "hub:fiddlesticks"]
    },
  "welcome": {
    "sounds": [
      "hub:welcome"]
    },
   "dannydevito": {
    "sounds": [
      {
        "name": "hub:bullshitone",
        "volume": 1.7,
        "pitch": 1
      },
      {
        "name": "hub:bullshittwo",
        "volume": 1.7,
        "pitch": 1
      },
      {
        "name": "hub:grunting",
        "volume": 1.7,
        "pitch": 1,
        "weight": 1
      },
      {
        "name": "hub:trashman",
        "volume": 1.7,
        "pitch": 1,
        "weight": 1
      },
      {
        "name": "hub:stabbed",
        "volume": 1.7,
        "pitch": 1,
        "weight": 1
      },
      {
        "name": "hub:startedblasting",
        "volume": 1.7,
        "pitch": 1,
        "weight": 1
      },
      {
        "name": "hub:welcometophily",
        "volume": 1.7,
        "pitch": 1,
        "weight": 1
      },
      {
        "name": "hub:dannyscream",
        "volume": 1.7,
        "pitch": 1,
        "weight": 1
      },
      {
        "name": "hub:rumham",
        "volume": 1.7,
        "pitch": 1,
        "weight": 1
      },
      {
        "name": "hub:egg",
        "volume": 1.7,
        "pitch": 1,
        "weight": 1
      }
    ]
  }
}