{"providers":[{"type":"bitmap","file":"emojis/mc_cheese","height":9,"ascent":8,"chars":["耀"]},{"type":"bitmap","file":"emojis/mc_cry","height":9,"ascent":8,"chars":["翼"]},{"type":"bitmap","file":"emojis/doughuh","height":9,"ascent":8,"chars":["翮"]},{"type":"bitmap","file":"emojis/mc_medic","height":9,"ascent":8,"chars":["翾"]},{"type":"bitmap","file":"emojis/mc_tired","height":9,"ascent":8,"chars":["翱"]},{"type":"bitmap","file":"emojis/mc_dead","height":9,"ascent":8,"chars":["翻"]},{"type":"bitmap","file":"emojis/mc_wink","height":9,"ascent":8,"chars":["翰"]},{"type":"bitmap","file":"emojis/mc_huh","height":9,"ascent":8,"chars":["翶"]},{"type":"bitmap","file":"emojis/mc_heart","height":9,"ascent":8,"chars":["翷"]},{"type":"bitmap","file":"emojis/mc_shock","height":9,"ascent":8,"chars":["翳"]},{"type":"bitmap","file":"emojis/mc_mayo","height":9,"ascent":8,"chars":["翿"]},{"type":"bitmap","file":"emojis/mc_gun","height":9,"ascent":8,"chars":["翽"]},{"type":"bitmap","file":"emojis/mc_full","height":9,"ascent":8,"chars":["翺"]},{"type":"bitmap","file":"emojis/mc_stare","height":9,"ascent":8,"chars":["翲"]},{"type":"bitmap","file":"emojis/mc_grin","height":9,"ascent":8,"chars":["翹"]},{"type":"bitmap","file":"emojis/mc_happy","height":9,"ascent":8,"chars":["翸"]},{"type":"bitmap","file":"emojis/mc_omega_lol","height":9,"ascent":8,"chars":["翵"]},{"type":"bitmap","file":"emojis/mc_pog","height":9,"ascent":8,"chars":["翴"]}]}